response-time,DNS+dialup,DNS,Request-write,Response-delay,Response-read,status-code,offset
14.3852,0.0020,0.0000,0.0002,14.3816,0.0008,200,0.2037
14.3852,0.0018,0.0000,0.0003,14.2915,0.0909,200,0.2037
0.2048,0.0000,0.0000,0.0001,0.2039,0.0007,200,14.5889
0.2056,0.0000,0.0000,0.0001,0.2051,0.0003,200,14.5889
0.1431,0.0000,0.0000,0.0000,0.1402,0.0029,200,14.7937
0.1423,0.0000,0.0000,0.0000,0.1423,0.0000,200,14.7945
0.1449,0.0000,0.0000,0.0000,0.1409,0.0039,200,14.9368
0.1449,0.0000,0.0000,0.0000,0.1409,0.0040,200,14.9368
0.2015,0.0000,0.0000,0.0000,0.2014,0.0001,200,15.0817
0.2020,0.0000,0.0000,0.0000,0.2018,0.0001,200,15.0817
0.1245,0.0000,0.0000,0.0000,0.1241,0.0004,200,15.2832
0.1301,0.0000,0.0000,0.0000,0.1295,0.0006,200,15.2837
0.1363,0.0000,0.0000,0.0000,0.1362,0.0001,200,15.4078
0.1311,0.0000,0.0000,0.0000,0.1304,0.0006,200,15.4138
0.1322,0.0000,0.0000,0.0000,0.1316,0.0006,200,15.6044
0.1322,0.0000,0.0000,0.0000,0.1318,0.0004,200,15.6044
0.1371,0.0000,0.0000,0.0000,0.1359,0.0011,200,15.8045
0.1378,0.0000,0.0000,0.0000,0.1373,0.0004,200,15.8044
0.1593,0.0000,0.0000,0.0000,0.1575,0.0016,200,16.0044
0.1595,0.0000,0.0000,0.0000,0.1594,0.0000,200,16.0045
0.1542,0.0000,0.0000,0.0000,0.1540,0.0002,200,16.2035
0.1545,0.0000,0.0000,0.0000,0.1543,0.0002,200,16.2036
0.1262,0.0000,0.0000,0.0000,0.1257,0.0005,200,16.4044
0.1268,0.0000,0.0000,0.0001,0.1262,0.0006,200,16.4044
0.1801,0.0004,0.0000,0.0001,0.1792,0.0001,500,56.6105
0.1808,0.0006,0.0000,0.0000,0.1795,0.0006,500,56.6108
1.2050,0.0000,0.0000,0.0000,1.2038,0.0011,200,56.8044
1.2051,0.0000,0.0000,0.0000,1.2034,0.0017,200,56.8044
0.2329,0.0000,0.0000,0.0000,0.2323,0.0006,200,58.0095
0.2395,0.0000,0.0000,0.0000,0.2375,0.0019,200,58.0094
0.2866,0.0000,0.0000,0.0000,0.2864,0.0001,200,58.2490
0.2959,0.0000,0.0000,0.0000,0.2930,0.0028,200,58.2425
0.1684,0.0000,0.0000,0.0000,0.1680,0.0004,200,58.5356
0.1656,0.0000,0.0000,0.0000,0.1655,0.0001,200,58.5384
0.1347,0.0000,0.0000,0.0000,0.1343,0.0004,200,58.7040
0.1364,0.0000,0.0000,0.0000,0.1357,0.0006,200,58.7040
0.1473,0.0000,0.0000,0.0000,0.1470,0.0002,200,58.8404
0.1496,0.0000,0.0000,0.0000,0.1487,0.0009,200,58.8387
0.1471,0.0000,0.0000,0.0000,0.1469,0.0001,200,59.0044
0.1471,0.0000,0.0000,0.0001,0.1470,0.0000,200,59.0044
0.1293,0.0000,0.0000,0.0000,0.1292,0.0001,200,59.2044
0.1293,0.0000,0.0000,0.0000,0.1292,0.0000,200,59.2044
0.1521,0.0000,0.0000,0.0000,0.1514,0.0006,200,59.4039
0.1524,0.0000,0.0000,0.0000,0.1521,0.0002,200,59.4039
0.2064,0.0000,0.0000,0.0000,0.2062,0.0001,200,59.6044
0.2067,0.0000,0.0000,0.0000,0.2062,0.0003,200,59.6044
0.0516,0.0000,0.0000,0.0000,0.0514,0.0003,200,59.8111
0.0952,0.0000,0.0000,0.0000,0.0948,0.0003,200,59.8108
12.1840,0.0012,0.0000,0.0004,12.1817,0.0005,500,80.0149
12.1833,0.0009,0.0000,0.0000,12.1771,0.0051,500,80.0156
0.4872,0.0000,0.0000,0.0002,0.4865,0.0001,200,92.1990
0.4873,0.0000,0.0000,0.0001,0.4864,0.0003,200,92.1991
0.3291,0.0000,0.0000,0.0000,0.3288,0.0002,200,92.6863
0.3294,0.0000,0.0000,0.0000,0.3293,0.0000,200,92.6865
0.1502,0.0000,0.0000,0.0000,0.1499,0.0002,200,93.0159
0.1553,0.0000,0.0000,0.0000,0.1551,0.0001,200,93.0153
0.2087,0.0000,0.0000,0.0000,0.2085,0.0001,200,93.2044
0.2087,0.0000,0.0000,0.0000,0.2086,0.0000,200,93.2046
0.1489,0.0000,0.0000,0.0000,0.1488,0.0001,200,93.4133
0.1491,0.0000,0.0000,0.0000,0.1489,0.0001,200,93.4131
0.0627,0.0000,0.0000,0.0000,0.0625,0.0001,200,93.6043
0.0627,0.0000,0.0000,0.0000,0.0625,0.0001,200,93.6044
0.0813,0.0000,0.0000,0.0000,0.0811,0.0001,200,93.8044
0.1624,0.0000,0.0000,0.0000,0.1617,0.0006,200,93.8044
0.1343,0.0000,0.0000,0.0000,0.1341,0.0002,200,94.0044
0.1350,0.0000,0.0000,0.0000,0.1345,0.0003,200,94.0044
0.1599,0.0000,0.0000,0.0000,0.1589,0.0009,200,94.2042
0.1599,0.0000,0.0000,0.0000,0.1590,0.0008,200,94.2042
0.1018,0.0000,0.0000,0.0000,0.1008,0.0010,200,94.4045
0.1019,0.0000,0.0000,0.0000,0.1018,0.0000,200,94.4044
1.1192,0.0000,0.0000,0.0000,1.1079,0.0110,200,94.6045
1.1210,0.0000,0.0000,0.0000,1.1204,0.0004,200,94.6045
10.8252,0.0013,0.0000,0.0001,10.8229,0.0009,500,115.7276
10.8273,0.0007,0.0000,0.0001,10.8162,0.0102,500,115.7274
0.0888,0.0000,0.0000,0.0000,0.0884,0.0002,500,126.5548
0.0918,0.0000,0.0000,0.0004,0.0900,0.0000,500,126.5529
0.0052,0.0000,0.0000,0.0000,0.0043,0.0008,500,126.6435
0.0043,0.0000,0.0000,0.0000,0.0041,0.0001,500,126.6447
0.0106,0.0000,0.0000,0.0000,0.0094,0.0012,500,126.8040
0.0107,0.0000,0.0000,0.0000,0.0105,0.0000,500,126.8040
0.0034,0.0000,0.0000,0.0000,0.0033,0.0001,500,127.0044
0.0035,0.0000,0.0000,0.0000,0.0035,0.0000,500,127.0044
0.0041,0.0000,0.0000,0.0000,0.0034,0.0006,500,127.2044
0.0041,0.0000,0.0000,0.0000,0.0040,0.0001,500,127.2045
0.0043,0.0000,0.0000,0.0000,0.0042,0.0000,500,127.4044
0.0043,0.0000,0.0000,0.0000,0.0042,0.0000,500,127.4044
0.0025,0.0000,0.0000,0.0000,0.0024,0.0000,500,127.6044
0.0028,0.0000,0.0000,0.0000,0.0027,0.0000,500,127.6045
0.3794,0.0000,0.0000,0.0001,0.3786,0.0002,200,127.8049
0.3895,0.0000,0.0000,0.0000,0.3889,0.0005,200,127.8056
0.1664,0.0000,0.0000,0.0000,0.1660,0.0003,200,128.1843
0.1588,0.0000,0.0000,0.0000,0.1587,0.0001,200,128.1951
0.1569,0.0000,0.0000,0.0000,0.1568,0.0001,200,128.3507
0.1540,0.0000,0.0000,0.0000,0.1539,0.0001,200,128.3539
0.1505,0.0000,0.0000,0.0000,0.1503,0.0001,200,128.5079
0.1508,0.0000,0.0000,0.0000,0.1506,0.0001,200,128.5076
0.0499,0.0000,0.0000,0.0000,0.0496,0.0003,200,128.6584
0.0499,0.0000,0.0000,0.0000,0.0499,0.0000,200,128.6584
0.1049,0.0000,0.0000,0.0000,0.1047,0.0001,200,128.8044
0.1051,0.0000,0.0000,0.0000,0.1047,0.0003,200,128.8044
0.1430,0.0000,0.0000,0.0000,0.1426,0.0003,200,129.0044
0.1432,0.0000,0.0000,0.0000,0.1428,0.0003,200,129.0044
0.1049,0.0000,0.0000,0.0000,0.1047,0.0001,200,129.2044
0.1070,0.0000,0.0000,0.0000,0.1068,0.0001,200,129.2044
0.1570,0.0000,0.0000,0.0000,0.1561,0.0009,200,129.4039
0.1572,0.0000,0.0000,0.0000,0.1569,0.0003,200,129.4039
0.1023,0.0000,0.0000,0.0000,0.1019,0.0004,200,129.6040
0.1024,0.0000,0.0000,0.0001,0.1016,0.0006,200,129.6040
0.3853,0.0000,0.0000,0.0001,0.2226,0.1616,200,129.8040
0.4374,0.0000,0.0000,0.0001,0.2234,0.2123,200,129.8037
11.9582,0.0006,0.0000,0.0001,11.9560,0.0012,500,150.1913
11.9072,0.0004,0.0000,0.0001,11.9061,0.0005,500,150.2423
0.5148,0.0000,0.0000,0.0001,0.5141,0.0004,200,162.1496
0.5159,0.0000,0.0000,0.0001,0.5144,0.0012,200,162.1496
0.1680,0.0000,0.0000,0.0000,0.1677,0.0002,200,162.6644
0.1673,0.0000,0.0000,0.0000,0.1672,0.0000,200,162.6655
0.9500,0.0000,0.0000,0.0000,0.9494,0.0006,200,162.8328
0.9505,0.0000,0.0000,0.0000,0.9490,0.0014,200,162.8324
0.1426,0.0000,0.0000,0.0001,0.1419,0.0002,200,163.7830
0.2003,0.0000,0.0000,0.0002,0.1830,0.0168,200,163.7831
0.0801,0.0000,0.0000,0.0002,0.0796,0.0002,200,163.9256
0.1213,0.0000,0.0000,0.0000,0.1212,0.0001,200,163.9834
0.0993,0.0000,0.0000,0.0000,0.0992,0.0000,200,164.0057
0.0296,0.0000,0.0000,0.0000,0.0291,0.0004,200,164.1047
0.0509,0.0000,0.0000,0.0000,0.0495,0.0014,200,164.2044
0.0512,0.0000,0.0000,0.0000,0.0512,0.0000,200,164.2044
0.0457,0.0000,0.0000,0.0000,0.0454,0.0002,200,164.4044
0.0464,0.0000,0.0000,0.0001,0.0462,0.0001,200,164.4044
0.0369,0.0000,0.0000,0.0000,0.0364,0.0004,200,164.6040
0.0369,0.0000,0.0000,0.0000,0.0365,0.0004,200,164.6039
0.1583,0.0000,0.0000,0.0000,0.1574,0.0000,200,164.8043
0.1583,0.0000,0.0000,0.0000,0.1580,0.0002,200,164.8042
0.0728,0.0000,0.0000,0.0001,0.0721,0.0005,200,165.0045
0.0729,0.0000,0.0000,0.0000,0.0727,0.0000,200,165.0044
11.3826,0.0007,0.0000,0.0000,11.3813,0.0004,500,185.2059
11.3831,0.0005,0.0000,0.0001,11.3819,0.0006,500,185.2060
0.2885,0.0000,0.0000,0.0000,0.2883,0.0001,200,196.5891
0.3061,0.0000,0.0000,0.0001,0.3059,0.0001,200,196.5886
0.1196,0.0000,0.0000,0.0000,0.1194,0.0001,200,196.8947
0.1369,0.0000,0.0000,0.0000,0.1368,0.0000,200,196.8776
0.0927,0.0000,0.0000,0.0000,0.0925,0.0001,200,197.0143
0.0954,0.0000,0.0000,0.0000,0.0953,0.0001,200,197.0145
0.1527,0.0000,0.0000,0.0000,0.1525,0.0001,200,197.2044
0.1529,0.0000,0.0000,0.0000,0.1526,0.0003,200,197.2044
0.1309,0.0000,0.0000,0.0000,0.1303,0.0005,200,197.4040
0.1318,0.0000,0.0000,0.0000,0.1306,0.0011,200,197.4040
0.1032,0.0000,0.0000,0.0000,0.1030,0.0001,200,197.6040
0.1043,0.0000,0.0000,0.0001,0.1041,0.0001,200,197.6040
0.1638,0.0000,0.0000,0.0000,0.1634,0.0003,200,197.8043
0.1641,0.0000,0.0000,0.0000,0.1636,0.0004,200,197.8043
0.0745,0.0000,0.0000,0.0000,0.0744,0.0001,200,198.0039
0.0745,0.0000,0.0000,0.0000,0.0744,0.0001,200,198.0040
0.0455,0.0000,0.0000,0.0000,0.0447,0.0001,200,198.2044
0.0459,0.0000,0.0000,0.0001,0.0455,0.0001,200,198.2044
0.0420,0.0000,0.0000,0.0000,0.0418,0.0001,200,198.4044
0.0429,0.0000,0.0000,0.0000,0.0423,0.0004,200,198.4044
0.0409,0.0000,0.0000,0.0000,0.0406,0.0001,200,198.6044
0.0413,0.0000,0.0000,0.0000,0.0406,0.0005,200,198.6044
13.3205,0.0011,0.0000,0.0000,13.3185,0.0006,500,218.8067
13.3205,0.0005,0.0000,0.0000,13.3193,0.0003,500,218.8067
0.3122,0.0000,0.0000,0.0000,0.3119,0.0001,200,232.1272
0.3154,0.0000,0.0000,0.0000,0.3152,0.0001,200,232.1272
0.1581,0.0000,0.0000,0.0000,0.1579,0.0001,200,232.4394
0.1758,0.0000,0.0000,0.0000,0.1757,0.0001,200,232.4426
0.1032,0.0000,0.0000,0.0000,0.1030,0.0001,200,232.6041
0.0889,0.0000,0.0000,0.0000,0.0888,0.0001,200,232.6184
0.0661,0.0000,0.0000,0.0000,0.0659,0.0001,200,232.8047
0.0677,0.0000,0.0000,0.0000,0.0670,0.0005,200,232.8044
0.0828,0.0000,0.0000,0.0000,0.0826,0.0001,200,233.0044
0.0831,0.0000,0.0000,0.0000,0.0826,0.0004,200,233.0044
0.0380,0.0000,0.0000,0.0000,0.0378,0.0001,200,233.2044
0.0380,0.0000,0.0000,0.0000,0.0378,0.0001,200,233.2044
0.0432,0.0000,0.0000,0.0000,0.0430,0.0001,200,233.4044
0.0436,0.0000,0.0000,0.0000,0.0431,0.0004,200,233.4044
0.0582,0.0000,0.0000,0.0000,0.0578,0.0003,200,233.6042
0.0582,0.0000,0.0000,0.0000,0.0578,0.0003,200,233.6042
0.6058,0.0000,0.0000,0.0002,0.6050,0.0004,200,233.8046
0.6056,0.0000,0.0000,0.0000,0.6048,0.0004,200,233.8048
0.1541,0.0000,0.0000,0.0000,0.1538,0.0001,200,234.4104
0.1549,0.0000,0.0000,0.0000,0.1548,0.0000,200,234.4104
0.1297,0.0000,0.0000,0.0000,0.1295,0.0001,200,234.6045
0.1298,0.0000,0.0000,0.0000,0.1295,0.0002,200,234.6044
11.8841,0.0009,0.0000,0.0002,11.8822,0.0007,500,254.8060
11.8835,0.0006,0.0000,0.0001,11.8821,0.0007,500,254.8066
0.3634,0.0000,0.0000,0.0000,0.3632,0.0001,200,266.6902
0.3635,0.0000,0.0000,0.0000,0.3632,0.0001,200,266.6901
0.1728,0.0000,0.0000,0.0000,0.1726,0.0001,200,267.0537
0.1729,0.0000,0.0000,0.0000,0.1728,0.0001,200,267.0536
0.1536,0.0000,0.0000,0.0000,0.1534,0.0001,200,267.2264
0.1549,0.0000,0.0000,0.0000,0.1545,0.0001,200,267.2265
0.1464,0.0000,0.0000,0.0000,0.1462,0.0001,200,267.4041
0.1463,0.0000,0.0000,0.0000,0.1462,0.0001,200,267.4042
0.1840,0.0000,0.0000,0.0000,0.1838,0.0001,200,267.6041
0.1840,0.0000,0.0000,0.0000,0.1838,0.0001,200,267.6041
0.2334,0.0000,0.0000,0.0000,0.2331,0.0002,200,267.8050
0.2337,0.0000,0.0000,0.0003,0.2330,0.0001,200,267.8047
0.1611,0.0000,0.0000,0.0000,0.1608,0.0003,200,268.0384
0.1611,0.0000,0.0000,0.0000,0.1610,0.0001,200,268.0384
0.1509,0.0000,0.0000,0.0000,0.1507,0.0001,200,268.2039
0.1510,0.0000,0.0000,0.0000,0.1506,0.0002,200,268.2039
0.1138,0.0000,0.0000,0.0000,0.1135,0.0001,200,268.4044
0.1616,0.0000,0.0000,0.0000,0.1611,0.0004,200,268.4045
0.0432,0.0000,0.0000,0.0000,0.0430,0.0001,200,268.6044
0.0603,0.0000,0.0000,0.0000,0.0601,0.0001,200,268.6045
0.1089,0.0000,0.0000,0.0000,0.1087,0.0002,200,268.8044
0.1089,0.0000,0.0000,0.0000,0.1088,0.0001,200,268.8044
13.1877,0.0004,0.0000,0.0001,13.1859,0.0005,500,289.0082
13.1883,0.0007,0.0000,0.0001,13.1863,0.0006,500,289.0080
0.3900,0.0000,0.0000,0.0000,0.3899,0.0001,200,302.1963
0.3907,0.0000,0.0000,0.0001,0.3900,0.0005,200,302.1959
0.1627,0.0000,0.0000,0.0004,0.1620,0.0002,200,302.5866
0.1640,0.0000,0.0000,0.0000,0.1631,0.0002,200,302.5863
0.0430,0.0000,0.0000,0.0000,0.0426,0.0004,200,302.7503
0.0443,0.0000,0.0000,0.0000,0.0438,0.0004,200,302.7493
0.0869,0.0000,0.0000,0.0000,0.0867,0.0001,200,302.8044
0.0869,0.0000,0.0000,0.0001,0.0867,0.0001,200,302.8045
0.0467,0.0000,0.0000,0.0000,0.0463,0.0003,200,303.0035
0.0467,0.0000,0.0000,0.0000,0.0466,0.0000,200,303.0035
0.0759,0.0000,0.0000,0.0001,0.0755,0.0002,200,303.2045
0.0757,0.0000,0.0000,0.0000,0.0755,0.0002,200,303.2047
0.1006,0.0000,0.0000,0.0000,0.1002,0.0004,200,303.4045
0.1009,0.0000,0.0000,0.0000,0.1005,0.0003,200,303.4044
0.0435,0.0000,0.0000,0.0000,0.0434,0.0001,200,303.6043
0.0436,0.0000,0.0000,0.0000,0.0435,0.0001,200,303.6043
0.0598,0.0000,0.0000,0.0000,0.0596,0.0001,200,303.8050
0.0600,0.0000,0.0000,0.0000,0.0598,0.0001,200,303.8048
0.0779,0.0000,0.0000,0.0000,0.0770,0.0001,200,304.0045
0.0782,0.0000,0.0000,0.0000,0.0770,0.0001,200,304.0045
0.0560,0.0000,0.0000,0.0000,0.0558,0.0002,200,304.2044
0.0560,0.0000,0.0000,0.0000,0.0557,0.0003,200,304.2044
12.1698,0.0005,0.0000,0.0000,12.1668,0.0024,500,324.4066
12.1700,0.0005,0.0000,0.0001,12.1689,0.0004,500,324.4065
0.2408,0.0000,0.0000,0.0001,0.2404,0.0001,200,336.5765
0.2419,0.0000,0.0000,0.0001,0.2414,0.0002,200,336.5765
0.0917,0.0000,0.0000,0.0001,0.0916,0.0001,200,336.8173
0.0907,0.0000,0.0000,0.0000,0.0906,0.0000,200,336.8184
0.0677,0.0000,0.0000,0.0000,0.0675,0.0001,200,337.0039
0.0678,0.0000,0.0000,0.0000,0.0674,0.0000,200,337.0038
0.0603,0.0000,0.0000,0.0000,0.0600,0.0002,200,337.2055
0.0605,0.0000,0.0000,0.0000,0.0602,0.0002,200,337.2054
0.0344,0.0000,0.0000,0.0000,0.0342,0.0002,200,337.4054
0.0397,0.0000,0.0000,0.0000,0.0391,0.0001,200,337.4055
0.0388,0.0000,0.0000,0.0000,0.0387,0.0001,200,337.6042
0.0389,0.0000,0.0000,0.0000,0.0387,0.0000,200,337.6042
0.0550,0.0000,0.0000,0.0001,0.0533,0.0006,200,337.8055
0.0550,0.0000,0.0000,0.0001,0.0541,0.0007,200,337.8055
0.0435,0.0000,0.0000,0.0000,0.0428,0.0006,200,338.0048
0.0435,0.0000,0.0000,0.0001,0.0428,0.0006,200,338.0048
0.0546,0.0000,0.0000,0.0000,0.0544,0.0001,200,338.2053
0.0995,0.0000,0.0000,0.0000,0.0992,0.0001,200,338.2053
0.0700,0.0000,0.0000,0.0000,0.0699,0.0001,200,338.4045
0.0700,0.0000,0.0000,0.0000,0.0699,0.0001,200,338.4045
0.0290,0.0000,0.0000,0.0000,0.0282,0.0007,200,338.6055
0.0291,0.0000,0.0000,0.0000,0.0289,0.0001,200,338.6054
13.4116,0.0043,0.0000,0.0013,13.4012,0.0041,500,358.8096
13.4122,0.0054,0.0000,0.0011,13.4014,0.0042,500,358.8091
0.0677,0.0000,0.0000,0.0000,0.0674,0.0001,500,372.2214
0.0690,0.0000,0.0000,0.0006,0.0683,0.0000,500,372.2213
0.0050,0.0000,0.0000,0.0000,0.0048,0.0001,500,372.4044
0.0083,0.0000,0.0000,0.0000,0.0040,0.0030,500,372.4044
0.0039,0.0000,0.0000,0.0000,0.0038,0.0001,500,372.6054
0.0043,0.0000,0.0000,0.0000,0.0040,0.0002,500,372.6054
0.0059,0.0000,0.0000,0.0000,0.0056,0.0001,500,372.8039
0.0059,0.0000,0.0000,0.0001,0.0058,0.0000,500,372.8039
0.0108,0.0000,0.0000,0.0000,0.0105,0.0001,500,373.0039
0.0124,0.0000,0.0000,0.0000,0.0122,0.0001,500,373.0039
0.0044,0.0000,0.0000,0.0000,0.0040,0.0002,500,373.2038
0.0042,0.0000,0.0000,0.0000,0.0041,0.0001,500,373.2038
0.0061,0.0000,0.0000,0.0001,0.0059,0.0001,500,373.4054
0.0149,0.0000,0.0000,0.0000,0.0136,0.0013,500,373.4055
0.0065,0.0000,0.0000,0.0000,0.0064,0.0001,500,373.6055
0.0066,0.0000,0.0000,0.0000,0.0064,0.0000,500,373.6055
0.0143,0.0000,0.0000,0.0000,0.0141,0.0001,500,373.8048
0.0145,0.0000,0.0000,0.0000,0.0136,0.0007,500,373.8046
0.0169,0.0000,0.0000,0.0001,0.0166,0.0001,500,374.0056
0.0179,0.0000,0.0000,0.0000,0.0165,0.0010,500,374.0055
0.0054,0.0000,0.0000,0.0000,0.0050,0.0003,500,374.2042
0.0054,0.0000,0.0000,0.0000,0.0053,0.0000,500,374.2043
0.0058,0.0000,0.0000,0.0000,0.0049,0.0001,500,374.4036
0.0059,0.0000,0.0000,0.0000,0.0056,0.0002,500,374.4037
0.0166,0.0000,0.0000,0.0000,0.0160,0.0004,500,374.6055
0.0168,0.0000,0.0000,0.0001,0.0162,0.0004,500,374.6055
0.0071,0.0000,0.0000,0.0000,0.0070,0.0001,500,374.8043
0.0143,0.0000,0.0000,0.0000,0.0075,0.0066,500,374.8041
0.0170,0.0000,0.0000,0.0000,0.0167,0.0001,500,375.0043
0.0171,0.0000,0.0000,0.0000,0.0170,0.0000,500,375.0042
0.0050,0.0000,0.0000,0.0000,0.0044,0.0006,500,375.2039
0.0052,0.0000,0.0000,0.0000,0.0051,0.0001,500,375.2038
0.0087,0.0000,0.0000,0.0000,0.0085,0.0001,500,375.4054
0.0108,0.0000,0.0000,0.0000,0.0096,0.0008,500,375.4056
0.0070,0.0000,0.0000,0.0000,0.0068,0.0001,500,375.6037
0.0076,0.0000,0.0000,0.0000,0.0072,0.0002,500,375.6037
0.0064,0.0000,0.0000,0.0000,0.0062,0.0000,500,375.8054
0.0064,0.0000,0.0000,0.0000,0.0062,0.0001,500,375.8055
0.0537,0.0000,0.0000,0.0001,0.0297,0.0239,500,376.0036
0.0863,0.0000,0.0000,0.0000,0.0861,0.0001,500,376.0036
0.0043,0.0000,0.0000,0.0000,0.0042,0.0001,500,376.2052
0.0043,0.0000,0.0000,0.0000,0.0043,0.0000,500,376.2052
0.0060,0.0000,0.0000,0.0000,0.0058,0.0001,500,376.4054
0.0060,0.0000,0.0000,0.0000,0.0058,0.0001,500,376.4055
0.0044,0.0000,0.0000,0.0000,0.0043,0.0001,500,376.6048
0.0049,0.0000,0.0000,0.0000,0.0046,0.0002,500,376.6048
0.0117,0.0000,0.0000,0.0000,0.0113,0.0001,500,376.8055
0.0117,0.0000,0.0000,0.0000,0.0115,0.0001,500,376.8056
0.0110,0.0000,0.0000,0.0000,0.0094,0.0016,500,377.0041
0.0128,0.0000,0.0000,0.0000,0.0114,0.0007,500,377.0040
0.0063,0.0000,0.0000,0.0000,0.0058,0.0004,500,377.2050
0.0065,0.0000,0.0000,0.0001,0.0058,0.0005,500,377.2048
0.0029,0.0000,0.0000,0.0000,0.0027,0.0001,500,377.4044
0.0034,0.0000,0.0000,0.0000,0.0033,0.0000,500,377.4045
0.0052,0.0000,0.0000,0.0000,0.0050,0.0001,500,377.6056
0.0054,0.0000,0.0000,0.0000,0.0052,0.0000,500,377.6057
0.0096,0.0000,0.0000,0.0000,0.0095,0.0001,500,377.8043
0.0108,0.0000,0.0000,0.0000,0.0100,0.0006,500,377.8041
0.0034,0.0000,0.0000,0.0000,0.0032,0.0001,500,378.0055
0.0037,0.0000,0.0000,0.0001,0.0022,0.0014,500,378.0055
0.1385,0.0000,0.0000,0.0000,0.1383,0.0002,500,378.2039
0.1833,0.0000,0.0000,0.0000,0.1818,0.0013,500,378.2039
0.0062,0.0000,0.0000,0.0000,0.0060,0.0001,500,378.4044
0.0424,0.0000,0.0000,0.0000,0.0423,0.0001,500,378.4044
0.0061,0.0000,0.0000,0.0000,0.0059,0.0001,500,378.6054
0.0069,0.0000,0.0000,0.0000,0.0068,0.0001,500,378.6055
0.0174,0.0000,0.0000,0.0001,0.0171,0.0001,500,378.8055
0.0174,0.0000,0.0000,0.0000,0.0173,0.0000,500,378.8055
0.0047,0.0000,0.0000,0.0000,0.0031,0.0015,500,379.0051
0.0047,0.0000,0.0000,0.0000,0.0045,0.0001,500,379.0051
0.0072,0.0000,0.0000,0.0001,0.0070,0.0001,500,379.2041
0.0073,0.0000,0.0000,0.0000,0.0055,0.0017,500,379.2041
0.0067,0.0000,0.0000,0.0001,0.0064,0.0001,500,379.4054
0.0067,0.0000,0.0000,0.0001,0.0065,0.0001,500,379.4055
0.0071,0.0000,0.0000,0.0000,0.0070,0.0001,500,379.6055
0.0074,0.0000,0.0000,0.0000,0.0070,0.0003,500,379.6054
0.0090,0.0000,0.0000,0.0000,0.0088,0.0002,500,379.8045
0.0114,0.0000,0.0000,0.0003,0.0109,0.0001,500,379.8047
0.0261,0.0000,0.0000,0.0000,0.0259,0.0001,500,380.0045
0.0262,0.0000,0.0000,0.0000,0.0260,0.0001,500,380.0045
0.0064,0.0000,0.0000,0.0000,0.0061,0.0001,500,380.2054
0.0071,0.0000,0.0000,0.0001,0.0069,0.0001,500,380.2054
0.0097,0.0000,0.0000,0.0000,0.0090,0.0006,500,380.4055
0.0098,0.0000,0.0000,0.0000,0.0096,0.0001,500,380.4055
0.0062,0.0000,0.0000,0.0000,0.0060,0.0001,500,380.6053
0.0063,0.0000,0.0000,0.0000,0.0060,0.0000,500,380.6053
0.0049,0.0000,0.0000,0.0001,0.0046,0.0001,500,380.8038
0.0061,0.0000,0.0000,0.0001,0.0058,0.0001,500,380.8038
0.0071,0.0000,0.0000,0.0000,0.0069,0.0001,500,381.0040
0.0077,0.0000,0.0000,0.0000,0.0071,0.0006,500,381.0040
0.0073,0.0000,0.0000,0.0003,0.0068,0.0001,500,381.2036
0.0074,0.0000,0.0000,0.0000,0.0071,0.0001,500,381.2035
0.0081,0.0000,0.0000,0.0000,0.0076,0.0004,500,381.4054
0.0091,0.0000,0.0000,0.0000,0.0076,0.0014,500,381.4054
0.0051,0.0000,0.0000,0.0000,0.0049,0.0001,500,381.6038
0.0065,0.0000,0.0000,0.0000,0.0063,0.0001,500,381.6037
0.0213,0.0000,0.0000,0.0000,0.0210,0.0001,500,381.8052
0.0212,0.0000,0.0000,0.0002,0.0205,0.0000,500,381.8056
0.0130,0.0000,0.0000,0.0000,0.0129,0.0001,500,382.0055
0.0133,0.0000,0.0000,0.0000,0.0130,0.0001,500,382.0053
0.0044,0.0000,0.0000,0.0000,0.0042,0.0001,500,382.2046
0.0045,0.0000,0.0000,0.0000,0.0044,0.0001,500,382.2047
0.0044,0.0000,0.0000,0.0000,0.0043,0.0001,500,382.4043
0.0045,0.0000,0.0000,0.0000,0.0044,0.0001,500,382.4044
0.0108,0.0000,0.0000,0.0000,0.0104,0.0002,500,382.6055
0.0109,0.0000,0.0000,0.0001,0.0106,0.0000,500,382.6055
0.0067,0.0000,0.0000,0.0000,0.0062,0.0002,500,382.8046
0.0068,0.0000,0.0000,0.0000,0.0065,0.0000,500,382.8046
0.0074,0.0000,0.0000,0.0000,0.0068,0.0005,500,383.0037
0.0082,0.0000,0.0000,0.0000,0.0080,0.0001,500,383.0036
0.0066,0.0000,0.0000,0.0000,0.0064,0.0001,500,383.2036
0.0066,0.0000,0.0000,0.0000,0.0064,0.0001,500,383.2035
0.0052,0.0000,0.0000,0.0000,0.0051,0.0001,500,383.4054
0.0055,0.0000,0.0000,0.0000,0.0053,0.0000,500,383.4054
0.0067,0.0000,0.0000,0.0000,0.0065,0.0001,500,383.6054
0.0068,0.0000,0.0000,0.0000,0.0067,0.0000,500,383.6055
0.0047,0.0000,0.0000,0.0000,0.0046,0.0001,500,383.8043
0.0097,0.0000,0.0000,0.0000,0.0072,0.0024,500,383.8042
0.0069,0.0000,0.0000,0.0000,0.0067,0.0001,500,384.0044
0.0071,0.0000,0.0000,0.0000,0.0069,0.0000,500,384.0042
0.0063,0.0000,0.0000,0.0001,0.0061,0.0001,500,384.2042
0.0064,0.0000,0.0000,0.0000,0.0062,0.0001,500,384.2041
0.0051,0.0000,0.0000,0.0000,0.0050,0.0001,500,384.4044
0.0052,0.0000,0.0000,0.0000,0.0051,0.0000,500,384.4044
0.0069,0.0000,0.0000,0.0000,0.0067,0.0001,500,384.6037
0.0069,0.0000,0.0000,0.0000,0.0067,0.0001,500,384.6037
0.0047,0.0000,0.0000,0.0001,0.0043,0.0000,500,384.8055
0.0048,0.0000,0.0000,0.0000,0.0044,0.0001,500,384.8054
0.0089,0.0000,0.0000,0.0001,0.0087,0.0001,500,385.0042
0.0088,0.0000,0.0000,0.0000,0.0087,0.0001,500,385.0043
0.0053,0.0000,0.0000,0.0001,0.0051,0.0001,500,385.2044
0.0055,0.0000,0.0000,0.0000,0.0054,0.0000,500,385.2044
0.0070,0.0000,0.0000,0.0000,0.0067,0.0002,500,385.4043
0.0082,0.0000,0.0000,0.0000,0.0080,0.0001,500,385.4043
0.0120,0.0000,0.0000,0.0000,0.0116,0.0003,500,385.6041
0.0166,0.0000,0.0000,0.0000,0.0163,0.0002,500,385.6041
0.0192,0.0000,0.0000,0.0000,0.0189,0.0001,500,385.8047
0.0192,0.0000,0.0000,0.0000,0.0189,0.0002,500,385.8048
0.0076,0.0000,0.0000,0.0000,0.0071,0.0004,500,386.0048
0.0084,0.0000,0.0000,0.0000,0.0077,0.0005,500,386.0044
0.0050,0.0000,0.0000,0.0000,0.0048,0.0001,500,386.2055
0.0052,0.0000,0.0000,0.0000,0.0050,0.0001,500,386.2054
0.0248,0.0000,0.0000,0.0000,0.0247,0.0000,500,386.4036
0.0796,0.0000,0.0000,0.0000,0.0248,0.0546,500,386.4036
0.0027,0.0000,0.0000,0.0000,0.0025,0.0001,500,386.6052
0.0028,0.0000,0.0000,0.0000,0.0026,0.0000,500,386.6052
0.0039,0.0000,0.0000,0.0000,0.0037,0.0001,500,386.8055
0.0055,0.0000,0.0000,0.0000,0.0054,0.0001,500,386.8055
0.0065,0.0000,0.0000,0.0000,0.0063,0.0001,500,387.0054
0.0064,0.0000,0.0000,0.0000,0.0063,0.0001,500,387.0055
0.0039,0.0000,0.0000,0.0000,0.0037,0.0001,500,387.2055
0.0051,0.0000,0.0000,0.0000,0.0049,0.0001,500,387.2054
0.0037,0.0000,0.0000,0.0000,0.0034,0.0002,500,387.4055
0.0041,0.0000,0.0000,0.0000,0.0039,0.0000,500,387.4055
0.0057,0.0000,0.0000,0.0000,0.0055,0.0001,500,387.6044
0.0057,0.0000,0.0000,0.0000,0.0055,0.0000,500,387.6044
0.0031,0.0000,0.0000,0.0001,0.0028,0.0001,500,387.8035
0.0031,0.0000,0.0000,0.0000,0.0029,0.0000,500,387.8036
0.0024,0.0000,0.0000,0.0000,0.0020,0.0003,500,388.0055
0.0034,0.0000,0.0000,0.0000,0.0032,0.0001,500,388.0054
0.0049,0.0000,0.0000,0.0000,0.0047,0.0001,500,388.2039
0.0050,0.0000,0.0000,0.0000,0.0043,0.0001,500,388.2038
0.0060,0.0000,0.0000,0.0000,0.0058,0.0001,500,388.4055
0.0101,0.0000,0.0000,0.0000,0.0099,0.0001,500,388.4055
0.0062,0.0000,0.0000,0.0000,0.0060,0.0001,500,388.6046
0.0063,0.0000,0.0000,0.0000,0.0060,0.0001,500,388.6045
0.0045,0.0000,0.0000,0.0000,0.0043,0.0001,500,388.8046
0.0047,0.0000,0.0000,0.0000,0.0046,0.0000,500,388.8047
0.0080,0.0000,0.0000,0.0000,0.0078,0.0001,500,389.0038
0.0132,0.0000,0.0000,0.0001,0.0130,0.0001,500,389.0037
0.0058,0.0000,0.0000,0.0000,0.0056,0.0001,500,389.2056
0.0058,0.0000,0.0000,0.0000,0.0056,0.0001,500,389.2055
0.0061,0.0000,0.0000,0.0000,0.0058,0.0001,500,389.4035
0.0888,0.0000,0.0000,0.0000,0.0077,0.0810,500,389.4035
0.0065,0.0000,0.0000,0.0000,0.0062,0.0001,500,389.6054
0.0071,0.0000,0.0000,0.0000,0.0070,0.0000,500,389.6054
0.0039,0.0000,0.0000,0.0000,0.0035,0.0000,500,389.8036
0.0039,0.0000,0.0000,0.0000,0.0038,0.0000,500,389.8035
0.0051,0.0000,0.0000,0.0000,0.0049,0.0001,500,390.0044
0.0069,0.0000,0.0000,0.0000,0.0067,0.0001,500,390.0044
0.0036,0.0000,0.0000,0.0000,0.0035,0.0001,500,390.2048
0.0037,0.0000,0.0000,0.0000,0.0036,0.0000,500,390.2048
0.0064,0.0000,0.0000,0.0000,0.0059,0.0001,500,390.4055
0.0063,0.0000,0.0000,0.0001,0.0060,0.0001,500,390.4055
0.0038,0.0000,0.0000,0.0000,0.0036,0.0001,500,390.6039
0.0038,0.0000,0.0000,0.0000,0.0037,0.0001,500,390.6039
0.0078,0.0000,0.0000,0.0000,0.0075,0.0002,500,390.8054
0.0078,0.0000,0.0000,0.0000,0.0076,0.0000,500,390.8054
0.0064,0.0000,0.0000,0.0000,0.0061,0.0001,500,391.0040
0.0075,0.0000,0.0000,0.0000,0.0072,0.0001,500,391.0041
0.0066,0.0000,0.0000,0.0000,0.0060,0.0002,500,391.2036
0.0065,0.0000,0.0000,0.0000,0.0063,0.0001,500,391.2039
0.0088,0.0000,0.0000,0.0001,0.0085,0.0001,500,391.4037
0.0113,0.0000,0.0000,0.0007,0.0092,0.0012,500,391.4037
0.0061,0.0000,0.0000,0.0002,0.0057,0.0001,500,391.6037
0.0072,0.0000,0.0000,0.0000,0.0071,0.0001,500,391.6037
0.0075,0.0000,0.0000,0.0001,0.0072,0.0001,500,391.8055
0.0076,0.0000,0.0000,0.0001,0.0072,0.0001,500,391.8054
0.0036,0.0000,0.0000,0.0000,0.0035,0.0001,500,392.0048
0.0036,0.0000,0.0000,0.0000,0.0035,0.0001,500,392.0048
0.0061,0.0000,0.0000,0.0000,0.0059,0.0001,500,392.2044
0.0061,0.0000,0.0000,0.0000,0.0059,0.0001,500,392.2044
0.0563,0.0000,0.0000,0.0000,0.0560,0.0001,500,392.4057
0.0580,0.0000,0.0000,0.0000,0.0564,0.0014,500,392.4054
0.0035,0.0000,0.0000,0.0000,0.0034,0.0000,500,392.6041
0.0043,0.0000,0.0000,0.0000,0.0043,0.0000,500,392.6041
0.0020,0.0000,0.0000,0.0000,0.0019,0.0001,500,392.8055
0.0022,0.0000,0.0000,0.0000,0.0020,0.0001,500,392.8054
0.0047,0.0000,0.0000,0.0000,0.0045,0.0001,500,393.0053
0.0085,0.0000,0.0000,0.0000,0.0083,0.0001,500,393.0054
0.0039,0.0000,0.0000,0.0000,0.0037,0.0001,500,393.2055
0.0039,0.0000,0.0000,0.0000,0.0038,0.0000,500,393.2055
0.0042,0.0000,0.0000,0.0000,0.0040,0.0001,500,393.4054
0.0047,0.0000,0.0000,0.0001,0.0045,0.0000,500,393.4051
0.0034,0.0000,0.0000,0.0000,0.0033,0.0000,500,393.6055
0.0034,0.0000,0.0000,0.0001,0.0033,0.0000,500,393.6055
0.0069,0.0000,0.0000,0.0000,0.0068,0.0001,500,393.8055
0.0071,0.0000,0.0000,0.0000,0.0069,0.0001,500,393.8054
0.0064,0.0000,0.0000,0.0001,0.0060,0.0001,500,394.0041
0.0065,0.0000,0.0000,0.0000,0.0060,0.0003,500,394.0041
0.0038,0.0000,0.0000,0.0000,0.0036,0.0001,500,394.2056
0.0041,0.0000,0.0000,0.0000,0.0039,0.0000,500,394.2055
0.0062,0.0000,0.0000,0.0000,0.0060,0.0001,500,394.4044
0.0065,0.0000,0.0000,0.0000,0.0063,0.0000,500,394.4043
0.0092,0.0000,0.0000,0.0000,0.0091,0.0001,500,394.6055
0.0093,0.0000,0.0000,0.0000,0.0092,0.0000,500,394.6055
0.0029,0.0000,0.0000,0.0000,0.0027,0.0001,500,394.8055
0.0030,0.0000,0.0000,0.0000,0.0028,0.0000,500,394.8054
0.0086,0.0000,0.0000,0.0000,0.0084,0.0001,500,395.0053
0.0086,0.0000,0.0000,0.0000,0.0081,0.0001,500,395.0053
0.0071,0.0000,0.0000,0.0000,0.0069,0.0001,500,395.2043
0.0085,0.0000,0.0000,0.0000,0.0080,0.0004,500,395.2043
0.0113,0.0000,0.0000,0.0000,0.0109,0.0002,500,395.4055
0.0116,0.0000,0.0000,0.0001,0.0107,0.0007,500,395.4057
0.0050,0.0000,0.0000,0.0000,0.0048,0.0001,500,395.6055
0.0052,0.0000,0.0000,0.0000,0.0050,0.0000,500,395.6054
0.0056,0.0000,0.0000,0.0000,0.0054,0.0001,500,395.8053
0.0059,0.0000,0.0000,0.0000,0.0055,0.0003,500,395.8053
0.0108,0.0000,0.0000,0.0000,0.0106,0.0001,500,396.0053
0.0108,0.0000,0.0000,0.0000,0.0106,0.0001,500,396.0053
0.0057,0.0000,0.0000,0.0000,0.0052,0.0002,500,396.2043
0.0058,0.0000,0.0000,0.0000,0.0056,0.0001,500,396.2044
0.0029,0.0000,0.0000,0.0000,0.0028,0.0001,500,396.4055
0.0030,0.0000,0.0000,0.0000,0.0029,0.0001,500,396.4054
0.0096,0.0000,0.0000,0.0000,0.0087,0.0007,500,396.6039
0.0101,0.0000,0.0000,0.0000,0.0099,0.0001,500,396.6037
0.0076,0.0000,0.0000,0.0000,0.0074,0.0001,500,396.8043
0.0076,0.0000,0.0000,0.0000,0.0074,0.0001,500,396.8043
0.0050,0.0000,0.0000,0.0000,0.0047,0.0002,500,397.0042
0.0054,0.0000,0.0000,0.0010,0.0043,0.0001,500,397.0042
0.0057,0.0000,0.0000,0.0000,0.0055,0.0001,500,397.2054
0.0059,0.0000,0.0000,0.0000,0.0057,0.0001,500,397.2054
0.0025,0.0000,0.0000,0.0000,0.0023,0.0001,500,397.4054
0.0027,0.0000,0.0000,0.0000,0.0024,0.0002,500,397.4054
0.0058,0.0000,0.0000,0.0001,0.0053,0.0005,500,397.6055
0.0064,0.0000,0.0000,0.0001,0.0057,0.0005,500,397.6055
0.0075,0.0000,0.0000,0.0000,0.0073,0.0001,500,397.8038
0.0074,0.0000,0.0000,0.0000,0.0073,0.0001,500,397.8039
0.0045,0.0000,0.0000,0.0000,0.0043,0.0001,500,398.0037
0.0045,0.0000,0.0000,0.0000,0.0044,0.0000,500,398.0037
0.0033,0.0000,0.0000,0.0000,0.0030,0.0001,500,398.2054
0.0032,0.0000,0.0000,0.0000,0.0031,0.0001,500,398.2055
0.0052,0.0000,0.0000,0.0000,0.0050,0.0001,500,398.4043
0.0052,0.0000,0.0000,0.0000,0.0050,0.0001,500,398.4043
0.0025,0.0000,0.0000,0.0000,0.0023,0.0001,500,398.6054
0.0026,0.0000,0.0000,0.0000,0.0025,0.0000,500,398.6054
0.0052,0.0000,0.0000,0.0000,0.0050,0.0001,500,398.8053
0.0051,0.0000,0.0000,0.0000,0.0050,0.0001,500,398.8054
0.0052,0.0000,0.0000,0.0000,0.0050,0.0001,500,399.0035
0.0054,0.0000,0.0000,0.0000,0.0051,0.0003,500,399.0035
0.0026,0.0000,0.0000,0.0000,0.0024,0.0001,500,399.2050
0.0038,0.0000,0.0000,0.0000,0.0036,0.0000,500,399.2050
0.0062,0.0000,0.0000,0.0001,0.0059,0.0001,500,399.4046
0.0071,0.0000,0.0000,0.0001,0.0068,0.0001,500,399.4046
0.0052,0.0000,0.0000,0.0000,0.0038,0.0013,500,399.6055
0.0052,0.0000,0.0000,0.0000,0.0044,0.0007,500,399.6054
0.0053,0.0000,0.0000,0.0000,0.0051,0.0001,500,399.8054
0.0057,0.0000,0.0000,0.0000,0.0055,0.0000,500,399.8055
0.0030,0.0000,0.0000,0.0000,0.0028,0.0001,500,400.0048
0.0031,0.0000,0.0000,0.0000,0.0029,0.0002,500,400.0048
0.0050,0.0000,0.0000,0.0000,0.0048,0.0001,500,400.2044
0.0050,0.0000,0.0000,0.0000,0.0048,0.0001,500,400.2044
0.0082,0.0000,0.0000,0.0008,0.0072,0.0001,500,400.4055
0.0083,0.0000,0.0000,0.0000,0.0080,0.0001,500,400.4055
0.0070,0.0000,0.0000,0.0001,0.0067,0.0001,500,400.6039
0.0074,0.0000,0.0000,0.0000,0.0068,0.0005,500,400.6040
0.0121,0.0000,0.0000,0.0000,0.0117,0.0002,500,400.8054
0.0121,0.0000,0.0000,0.0000,0.0120,0.0001,500,400.8055
0.0044,0.0000,0.0000,0.0000,0.0043,0.0000,500,401.0043
0.0044,0.0000,0.0000,0.0000,0.0035,0.0009,500,401.0043
0.0062,0.0000,0.0000,0.0001,0.0059,0.0001,500,401.2054
0.0064,0.0000,0.0000,0.0000,0.0062,0.0000,500,401.2055
0.0044,0.0000,0.0000,0.0000,0.0043,0.0001,500,401.4043
0.0045,0.0000,0.0000,0.0000,0.0043,0.0001,500,401.4043
0.0164,0.0000,0.0000,0.0000,0.0163,0.0001,500,401.6069
0.0189,0.0000,0.0000,0.0000,0.0184,0.0001,500,401.6057
0.0071,0.0000,0.0000,0.0000,0.0069,0.0001,500,401.8054
0.0070,0.0000,0.0000,0.0000,0.0067,0.0000,500,401.8055
0.0159,0.0000,0.0000,0.0004,0.0140,0.0001,500,402.0056
0.0195,0.0000,0.0000,0.0004,0.0186,0.0001,500,402.0058
0.0055,0.0000,0.0000,0.0000,0.0053,0.0001,500,402.2055
0.0055,0.0000,0.0000,0.0001,0.0053,0.0001,500,402.2055
0.0039,0.0000,0.0000,0.0000,0.0037,0.0001,500,402.4044
0.0041,0.0000,0.0000,0.0000,0.0039,0.0001,500,402.4045
0.0031,0.0000,0.0000,0.0000,0.0029,0.0001,500,402.6055
0.0033,0.0000,0.0000,0.0000,0.0031,0.0000,500,402.6054
0.0110,0.0000,0.0000,0.0000,0.0109,0.0000,500,402.8037
0.0127,0.0000,0.0000,0.0000,0.0126,0.0000,500,402.8037
0.0173,0.0000,0.0000,0.0000,0.0171,0.0001,500,403.0040
0.0231,0.0000,0.0000,0.0000,0.0227,0.0001,500,403.0042
0.0054,0.0000,0.0000,0.0000,0.0052,0.0001,500,403.2055
0.0053,0.0000,0.0000,0.0000,0.0052,0.0001,500,403.2055
0.0029,0.0000,0.0000,0.0000,0.0028,0.0001,500,403.4039
0.0029,0.0000,0.0000,0.0000,0.0028,0.0001,500,403.4040
0.0044,0.0000,0.0000,0.0000,0.0042,0.0001,500,403.6044
0.0044,0.0000,0.0000,0.0000,0.0042,0.0001,500,403.6044
0.0185,0.0000,0.0000,0.0000,0.0143,0.0001,500,403.8055
0.0190,0.0000,0.0000,0.0001,0.0158,0.0005,500,403.8054
0.0031,0.0000,0.0000,0.0000,0.0030,0.0001,500,404.0052
0.0047,0.0000,0.0000,0.0000,0.0046,0.0000,500,404.0051
0.0053,0.0000,0.0000,0.0000,0.0051,0.0001,500,404.2054
0.0063,0.0000,0.0000,0.0000,0.0059,0.0001,500,404.2055
0.0040,0.0000,0.0000,0.0000,0.0038,0.0001,500,404.4037
0.0042,0.0000,0.0000,0.0000,0.0041,0.0000,500,404.4038
0.0058,0.0000,0.0000,0.0001,0.0055,0.0001,500,404.6054
0.0057,0.0000,0.0000,0.0000,0.0056,0.0000,500,404.6055
0.0038,0.0000,0.0000,0.0000,0.0036,0.0001,500,404.8049
0.0037,0.0000,0.0000,0.0000,0.0035,0.0001,500,404.8050
0.0119,0.0000,0.0000,0.0000,0.0117,0.0001,500,405.0036
0.0162,0.0000,0.0000,0.0000,0.0160,0.0001,500,405.0039
0.0051,0.0000,0.0000,0.0000,0.0049,0.0001,500,405.2054
0.0064,0.0000,0.0000,0.0000,0.0058,0.0004,500,405.2055
0.0049,0.0000,0.0000,0.0000,0.0047,0.0001,500,405.4038
0.0052,0.0000,0.0000,0.0000,0.0050,0.0000,500,405.4038
0.0072,0.0000,0.0000,0.0000,0.0070,0.0001,500,405.6053
0.0073,0.0000,0.0000,0.0000,0.0071,0.0000,500,405.6053
0.0035,0.0000,0.0000,0.0000,0.0034,0.0001,500,405.8038
0.0044,0.0000,0.0000,0.0000,0.0043,0.0001,500,405.8037
0.0159,0.0000,0.0000,0.0000,0.0157,0.0001,500,406.0053
0.0160,0.0000,0.0000,0.0000,0.0159,0.0001,500,406.0053
0.0072,0.0000,0.0000,0.0000,0.0034,0.0037,500,406.2055
0.0084,0.0000,0.0000,0.0000,0.0081,0.0002,500,406.2055
0.0032,0.0000,0.0000,0.0000,0.0030,0.0002,500,406.4053
0.0034,0.0000,0.0000,0.0000,0.0034,0.0000,500,406.4052
0.0937,0.0000,0.0000,0.0002,0.0617,0.0318,500,406.6040
0.0934,0.0000,0.0000,0.0000,0.0932,0.0002,500,406.6044
0.0142,0.0000,0.0000,0.0001,0.0139,0.0001,500,406.8037
0.0142,0.0000,0.0000,0.0000,0.0140,0.0001,500,406.8037
0.0055,0.0000,0.0000,0.0000,0.0053,0.0001,500,407.0040
0.0055,0.0000,0.0000,0.0000,0.0053,0.0000,500,407.0041
0.0047,0.0000,0.0000,0.0000,0.0045,0.0001,500,407.2035
0.0048,0.0000,0.0000,0.0001,0.0046,0.0000,500,407.2035
0.0034,0.0000,0.0000,0.0000,0.0032,0.0001,500,407.4055
0.0038,0.0000,0.0000,0.0000,0.0037,0.0000,500,407.4054
0.0053,0.0000,0.0000,0.0000,0.0051,0.0001,500,407.6046
0.0055,0.0000,0.0000,0.0000,0.0052,0.0002,500,407.6047
0.0062,0.0000,0.0000,0.0000,0.0059,0.0001,500,407.8055
0.0062,0.0000,0.0000,0.0001,0.0059,0.0001,500,407.8055
0.0032,0.0000,0.0000,0.0000,0.0030,0.0001,500,408.0037
0.0034,0.0000,0.0000,0.0000,0.0033,0.0000,500,408.0037
0.0034,0.0000,0.0000,0.0000,0.0029,0.0004,500,408.2054
0.0034,0.0000,0.0000,0.0000,0.0032,0.0001,500,408.2055
0.0049,0.0000,0.0000,0.0000,0.0045,0.0001,500,408.4055
0.0052,0.0000,0.0000,0.0000,0.0049,0.0000,500,408.4055
0.0038,0.0000,0.0000,0.0000,0.0036,0.0001,500,408.6042
0.0039,0.0000,0.0000,0.0000,0.0037,0.0000,500,408.6041
0.0098,0.0000,0.0000,0.0000,0.0097,0.0001,500,408.8048
0.0112,0.0000,0.0000,0.0001,0.0110,0.0001,500,408.8045
0.0037,0.0000,0.0000,0.0000,0.0036,0.0001,500,409.0050
0.0044,0.0000,0.0000,0.0000,0.0042,0.0001,500,409.0050
0.0065,0.0000,0.0000,0.0000,0.0063,0.0001,500,409.2055
0.0065,0.0000,0.0000,0.0000,0.0063,0.0001,500,409.2055
0.0146,0.0000,0.0000,0.0001,0.0143,0.0001,500,409.4055
0.0145,0.0000,0.0000,0.0000,0.0143,0.0001,500,409.4055
0.0028,0.0000,0.0000,0.0000,0.0027,0.0001,500,409.6055
0.0032,0.0000,0.0000,0.0000,0.0029,0.0002,500,409.6055
0.0073,0.0000,0.0000,0.0000,0.0071,0.0001,500,409.8051
0.0077,0.0000,0.0000,0.0000,0.0076,0.0001,500,409.8051
0.0043,0.0000,0.0000,0.0000,0.0041,0.0001,500,410.0037
0.0049,0.0000,0.0000,0.0000,0.0047,0.0000,500,410.0036
0.0068,0.0000,0.0000,0.0000,0.0066,0.0001,500,410.2053
0.0077,0.0000,0.0000,0.0001,0.0074,0.0001,500,410.2053
0.0048,0.0000,0.0000,0.0000,0.0044,0.0002,500,410.4054
0.0049,0.0000,0.0000,0.0000,0.0047,0.0000,500,410.4054
0.0089,0.0000,0.0000,0.0000,0.0085,0.0002,500,410.6038
0.0089,0.0000,0.0000,0.0000,0.0088,0.0000,500,410.6039
0.0058,0.0000,0.0000,0.0002,0.0054,0.0001,500,410.8037
0.0053,0.0000,0.0000,0.0001,0.0040,0.0001,500,410.8046
0.0040,0.0000,0.0000,0.0000,0.0034,0.0005,500,411.0053
0.0059,0.0000,0.0000,0.0000,0.0058,0.0000,500,411.0052
0.0048,0.0000,0.0000,0.0000,0.0046,0.0001,500,411.2055
0.0054,0.0000,0.0000,0.0000,0.0052,0.0001,500,411.2054
0.0052,0.0000,0.0000,0.0000,0.0045,0.0005,500,411.4039
0.0052,0.0000,0.0000,0.0001,0.0047,0.0004,500,411.4039
0.0054,0.0000,0.0000,0.0000,0.0053,0.0001,500,411.6055
0.0055,0.0000,0.0000,0.0000,0.0052,0.0001,500,411.6054
0.0099,0.0000,0.0000,0.0001,0.0068,0.0029,500,411.8055
0.0123,0.0000,0.0000,0.0000,0.0120,0.0001,500,411.8055
0.0130,0.0000,0.0000,0.0000,0.0127,0.0001,500,412.0042
0.0182,0.0000,0.0000,0.0000,0.0127,0.0055,500,412.0043
0.0092,0.0000,0.0000,0.0000,0.0085,0.0007,500,412.2041
0.0093,0.0000,0.0000,0.0000,0.0092,0.0000,500,412.2041
0.0061,0.0000,0.0000,0.0000,0.0058,0.0002,500,412.4054
0.0060,0.0000,0.0000,0.0000,0.0058,0.0002,500,412.4055
0.0052,0.0000,0.0000,0.0001,0.0049,0.0001,500,412.6039
0.0051,0.0000,0.0000,0.0001,0.0048,0.0001,500,412.6040
0.0037,0.0000,0.0000,0.0000,0.0035,0.0001,500,412.8055
0.0037,0.0000,0.0000,0.0000,0.0035,0.0001,500,412.8054
0.0095,0.0000,0.0000,0.0000,0.0086,0.0000,500,413.0039
0.0096,0.0000,0.0000,0.0000,0.0093,0.0002,500,413.0040
0.0074,0.0000,0.0000,0.0000,0.0071,0.0002,500,413.2055
0.0075,0.0000,0.0000,0.0000,0.0073,0.0000,500,413.2055
0.0056,0.0000,0.0000,0.0000,0.0053,0.0001,500,413.4054
0.0055,0.0000,0.0000,0.0000,0.0054,0.0000,500,413.4055
0.0059,0.0000,0.0000,0.0000,0.0056,0.0001,500,413.6045
0.0059,0.0000,0.0000,0.0000,0.0057,0.0000,500,413.6046
0.0062,0.0000,0.0000,0.0000,0.0060,0.0001,500,413.8055
0.0065,0.0000,0.0000,0.0000,0.0064,0.0000,500,413.8054
0.0232,0.0000,0.0000,0.0000,0.0231,0.0002,500,414.0054
0.0240,0.0000,0.0000,0.0000,0.0225,0.0014,500,414.0054
0.0064,0.0000,0.0000,0.0000,0.0062,0.0001,500,414.2052
0.0063,0.0000,0.0000,0.0000,0.0057,0.0006,500,414.2054
0.0079,0.0000,0.0000,0.0000,0.0076,0.0001,500,414.4042
0.0085,0.0000,0.0000,0.0000,0.0083,0.0001,500,414.4043
0.0210,0.0000,0.0000,0.0000,0.0162,0.0002,500,414.6067
0.0243,0.0000,0.0000,0.0000,0.0240,0.0002,500,414.6068
0.0058,0.0000,0.0000,0.0000,0.0056,0.0001,500,414.8036
0.0059,0.0000,0.0000,0.0000,0.0056,0.0001,500,414.8036
0.0051,0.0000,0.0000,0.0000,0.0048,0.0001,500,415.0039
0.0052,0.0000,0.0000,0.0000,0.0050,0.0000,500,415.0039
0.0047,0.0000,0.0000,0.0000,0.0046,0.0001,500,415.2043
0.0047,0.0000,0.0000,0.0000,0.0046,0.0001,500,415.2043
0.0071,0.0000,0.0000,0.0000,0.0069,0.0001,500,415.4055
0.0072,0.0000,0.0000,0.0001,0.0069,0.0001,500,415.4055
0.0066,0.0000,0.0000,0.0000,0.0063,0.0001,500,415.6055
0.0079,0.0000,0.0000,0.0000,0.0077,0.0001,500,415.6054
0.0068,0.0000,0.0000,0.0000,0.0067,0.0001,500,415.8048
0.0071,0.0000,0.0000,0.0002,0.0067,0.0001,500,415.8045
0.0046,0.0000,0.0000,0.0000,0.0043,0.0001,500,416.0040
0.0044,0.0000,0.0000,0.0000,0.0042,0.0001,500,416.0042
0.0065,0.0000,0.0000,0.0000,0.0063,0.0001,500,416.2043
0.0066,0.0000,0.0000,0.0000,0.0064,0.0001,500,416.2041
0.0093,0.0000,0.0000,0.0001,0.0090,0.0001,500,416.4047
0.0092,0.0000,0.0000,0.0000,0.0090,0.0001,500,416.4048
0.0045,0.0000,0.0000,0.0000,0.0043,0.0001,500,416.6056
0.0047,0.0000,0.0000,0.0000,0.0045,0.0000,500,416.6054
0.0040,0.0000,0.0000,0.0000,0.0038,0.0001,500,416.8036
0.0039,0.0000,0.0000,0.0000,0.0038,0.0001,500,416.8037
0.0113,0.0000,0.0000,0.0000,0.0111,0.0001,500,417.0057
0.0116,0.0000,0.0000,0.0000,0.0112,0.0001,500,417.0055
0.0053,0.0000,0.0000,0.0000,0.0052,0.0000,500,417.2037
0.0054,0.0000,0.0000,0.0000,0.0052,0.0000,500,417.2037
0.0081,0.0000,0.0000,0.0000,0.0079,0.0001,500,417.4055
0.0099,0.0000,0.0000,0.0000,0.0067,0.0030,500,417.4055
0.0073,0.0000,0.0000,0.0000,0.0071,0.0001,500,417.6035
0.0073,0.0000,0.0000,0.0001,0.0071,0.0001,500,417.6035
0.0041,0.0000,0.0000,0.0000,0.0038,0.0001,500,417.8055
0.0041,0.0000,0.0000,0.0000,0.0038,0.0001,500,417.8055
0.0028,0.0000,0.0000,0.0000,0.0026,0.0001,500,418.0051
0.0029,0.0000,0.0000,0.0000,0.0027,0.0000,500,418.0051
0.0071,0.0000,0.0000,0.0000,0.0065,0.0004,500,418.2043
0.0072,0.0000,0.0000,0.0000,0.0070,0.0000,500,418.2043
0.0081,0.0000,0.0000,0.0000,0.0079,0.0001,500,418.4054
0.0086,0.0000,0.0000,0.0000,0.0085,0.0001,500,418.4054
0.0048,0.0000,0.0000,0.0000,0.0046,0.0001,500,418.6035
0.0052,0.0000,0.0000,0.0000,0.0049,0.0002,500,418.6035
0.0060,0.0000,0.0000,0.0000,0.0049,0.0010,500,418.8036
0.0066,0.0000,0.0000,0.0000,0.0065,0.0000,500,418.8036
0.0139,0.0000,0.0000,0.0001,0.0136,0.0001,500,419.0055
0.0141,0.0000,0.0000,0.0000,0.0139,0.0000,500,419.0055
0.0075,0.0000,0.0000,0.0000,0.0073,0.0001,500,419.2055
0.0078,0.0000,0.0000,0.0000,0.0076,0.0001,500,419.2055
0.0036,0.0000,0.0000,0.0000,0.0035,0.0001,500,419.4054
0.0037,0.0000,0.0000,0.0000,0.0036,0.0001,500,419.4055
0.0030,0.0000,0.0000,0.0000,0.0028,0.0001,500,419.6054
0.0031,0.0000,0.0000,0.0000,0.0030,0.0000,500,419.6054
0.0069,0.0000,0.0000,0.0000,0.0067,0.0001,500,419.8042
0.0068,0.0000,0.0000,0.0000,0.0067,0.0001,500,419.8044
0.0051,0.0000,0.0000,0.0000,0.0049,0.0001,500,420.0054
0.0051,0.0000,0.0000,0.0000,0.0049,0.0001,500,420.0054
0.0040,0.0000,0.0000,0.0000,0.0038,0.0001,500,420.2039
0.0047,0.0000,0.0000,0.0000,0.0045,0.0000,500,420.2038
0.0063,0.0000,0.0000,0.0000,0.0062,0.0001,500,420.4035
0.0064,0.0000,0.0000,0.0001,0.0057,0.0006,500,420.4034
0.0045,0.0000,0.0000,0.0000,0.0042,0.0002,500,420.6054
0.0045,0.0000,0.0000,0.0000,0.0044,0.0000,500,420.6054
0.0539,0.0000,0.0000,0.0008,0.0527,0.0000,500,420.8059
0.0545,0.0000,0.0000,0.0001,0.0541,0.0000,500,420.8053
0.0083,0.0000,0.0000,0.0000,0.0081,0.0001,500,421.0053
0.0083,0.0000,0.0000,0.0000,0.0081,0.0001,500,421.0053
0.0027,0.0000,0.0000,0.0000,0.0026,0.0000,500,421.2054
0.0029,0.0000,0.0000,0.0000,0.0028,0.0000,500,421.2054
0.0108,0.0000,0.0000,0.0000,0.0083,0.0024,500,421.4055
0.0109,0.0000,0.0000,0.0000,0.0069,0.0038,500,421.4054
0.0067,0.0000,0.0000,0.0000,0.0066,0.0001,500,421.6037
0.0069,0.0000,0.0000,0.0001,0.0066,0.0001,500,421.6036
0.0097,0.0000,0.0000,0.0000,0.0096,0.0001,500,421.8052
0.0098,0.0000,0.0000,0.0000,0.0096,0.0001,500,421.8052
0.0044,0.0000,0.0000,0.0000,0.0041,0.0001,500,422.0040
0.0045,0.0000,0.0000,0.0000,0.0043,0.0000,500,422.0041
0.0028,0.0000,0.0000,0.0000,0.0025,0.0001,500,422.2055
0.0028,0.0000,0.0000,0.0000,0.0027,0.0000,500,422.2055
0.0045,0.0000,0.0000,0.0000,0.0043,0.0001,500,422.4048
0.0048,0.0000,0.0000,0.0000,0.0047,0.0000,500,422.4048
0.0025,0.0000,0.0000,0.0000,0.0022,0.0002,500,422.6055
0.0026,0.0000,0.0000,0.0000,0.0024,0.0000,500,422.6054
0.0027,0.0000,0.0000,0.0000,0.0025,0.0001,500,422.8045
0.0039,0.0000,0.0000,0.0000,0.0025,0.0014,500,422.8046
0.0030,0.0000,0.0000,0.0000,0.0028,0.0001,500,423.0040
0.0031,0.0000,0.0000,0.0000,0.0029,0.0000,500,423.0040
0.0190,0.0000,0.0000,0.0000,0.0188,0.0001,500,423.2044
0.0190,0.0000,0.0000,0.0000,0.0188,0.0000,500,423.2045
0.0034,0.0000,0.0000,0.0000,0.0031,0.0001,500,423.4055
0.0061,0.0000,0.0000,0.0000,0.0060,0.0000,500,423.4054
0.0037,0.0000,0.0000,0.0000,0.0033,0.0003,500,423.6036
0.0037,0.0000,0.0000,0.0000,0.0034,0.0001,500,423.6036
0.0030,0.0000,0.0000,0.0000,0.0028,0.0001,500,423.8036
0.0029,0.0000,0.0000,0.0000,0.0028,0.0001,500,423.8036
0.0025,0.0000,0.0000,0.0000,0.0023,0.0001,500,424.0044
0.0026,0.0000,0.0000,0.0000,0.0024,0.0000,500,424.0043
0.0055,0.0000,0.0000,0.0001,0.0052,0.0001,500,424.2055
0.0054,0.0000,0.0000,0.0000,0.0052,0.0001,500,424.2055
0.0064,0.0000,0.0000,0.0000,0.0062,0.0001,500,424.4047
0.0067,0.0000,0.0000,0.0000,0.0065,0.0000,500,424.4047
0.0070,0.0000,0.0000,0.0000,0.0068,0.0001,500,424.6044
0.0070,0.0000,0.0000,0.0000,0.0068,0.0001,500,424.6044
0.0040,0.0000,0.0000,0.0000,0.0038,0.0001,500,424.8050
0.0040,0.0000,0.0000,0.0000,0.0038,0.0001,500,424.8050
0.0107,0.0000,0.0000,0.0001,0.0104,0.0001,500,425.0043
0.0107,0.0000,0.0000,0.0000,0.0104,0.0001,500,425.0044
0.0033,0.0000,0.0000,0.0000,0.0030,0.0001,500,425.2038
0.0032,0.0000,0.0000,0.0000,0.0031,0.0001,500,425.2039
0.0063,0.0000,0.0000,0.0000,0.0061,0.0001,500,425.4054
0.0063,0.0000,0.0000,0.0000,0.0061,0.0001,500,425.4055
0.0064,0.0000,0.0000,0.0000,0.0062,0.0001,500,425.6045
0.0064,0.0000,0.0000,0.0000,0.0063,0.0000,500,425.6045
0.0058,0.0000,0.0000,0.0001,0.0056,0.0000,500,425.8035
0.0058,0.0000,0.0000,0.0001,0.0055,0.0001,500,425.8035
0.0051,0.0000,0.0000,0.0000,0.0049,0.0001,500,426.0046
0.0051,0.0000,0.0000,0.0000,0.0049,0.0000,500,426.0045
0.0077,0.0000,0.0000,0.0000,0.0075,0.0001,500,426.2036
0.0080,0.0000,0.0000,0.0000,0.0079,0.0000,500,426.2037
0.0043,0.0000,0.0000,0.0000,0.0041,0.0001,500,426.4039
0.0043,0.0000,0.0000,0.0000,0.0041,0.0001,500,426.4040
0.0037,0.0000,0.0000,0.0000,0.0032,0.0004,500,426.6042
0.0038,0.0000,0.0000,0.0000,0.0036,0.0000,500,426.6042
0.0100,0.0000,0.0000,0.0000,0.0098,0.0001,500,426.8055
0.0100,0.0000,0.0000,0.0000,0.0098,0.0001,500,426.8055
0.0053,0.0000,0.0000,0.0000,0.0052,0.0000,500,427.0040
0.0053,0.0000,0.0000,0.0000,0.0048,0.0004,500,427.0040
0.0074,0.0000,0.0000,0.0000,0.0070,0.0001,500,427.2040
0.0074,0.0000,0.0000,0.0001,0.0070,0.0001,500,427.2040
0.0047,0.0000,0.0000,0.0001,0.0045,0.0001,500,427.4045
0.0047,0.0000,0.0000,0.0001,0.0045,0.0001,500,427.4045
0.0052,0.0000,0.0000,0.0000,0.0049,0.0001,500,427.6040
0.0056,0.0000,0.0000,0.0000,0.0056,0.0000,500,427.6043
0.0093,0.0000,0.0000,0.0000,0.0091,0.0001,500,427.8036
0.0094,0.0000,0.0000,0.0000,0.0091,0.0001,500,427.8036
0.0051,0.0000,0.0000,0.0000,0.0049,0.0001,500,428.0055
0.0051,0.0000,0.0000,0.0000,0.0050,0.0000,500,428.0054
0.0033,0.0000,0.0000,0.0000,0.0031,0.0001,500,428.2055
0.0033,0.0000,0.0000,0.0000,0.0032,0.0000,500,428.2055
0.0050,0.0000,0.0000,0.0000,0.0048,0.0001,500,428.4050
0.0088,0.0000,0.0000,0.0000,0.0085,0.0002,500,428.4050
0.0059,0.0000,0.0000,0.0000,0.0058,0.0001,500,428.6055
0.0067,0.0000,0.0000,0.0000,0.0064,0.0002,500,428.6054
0.0060,0.0000,0.0000,0.0000,0.0058,0.0001,500,428.8037
0.0061,0.0000,0.0000,0.0000,0.0058,0.0002,500,428.8035
0.0080,0.0000,0.0000,0.0000,0.0078,0.0001,500,429.0047
0.0080,0.0000,0.0000,0.0000,0.0078,0.0001,500,429.0047
0.0066,0.0000,0.0000,0.0000,0.0064,0.0001,500,429.2037
0.0110,0.0000,0.0000,0.0000,0.0108,0.0001,500,429.2037
0.0047,0.0000,0.0000,0.0000,0.0044,0.0002,500,429.4055
0.0054,0.0000,0.0000,0.0000,0.0053,0.0000,500,429.4055
0.0109,0.0000,0.0000,0.0000,0.0102,0.0006,500,429.6043
0.0109,0.0000,0.0000,0.0001,0.0101,0.0006,500,429.6042
0.0177,0.0000,0.0000,0.0000,0.0174,0.0001,500,429.8043
0.0176,0.0000,0.0000,0.0000,0.0174,0.0001,500,429.8044
0.0041,0.0000,0.0000,0.0000,0.0039,0.0000,500,430.0054
0.0041,0.0000,0.0000,0.0000,0.0039,0.0001,500,430.0055
0.0051,0.0000,0.0000,0.0000,0.0049,0.0001,500,430.2054
0.0053,0.0000,0.0000,0.0000,0.0052,0.0000,500,430.2055
0.0146,0.0000,0.0000,0.0000,0.0145,0.0001,500,430.4035
0.0147,0.0000,0.0000,0.0000,0.0144,0.0003,500,430.4036
0.0069,0.0000,0.0000,0.0000,0.0065,0.0002,500,430.6046
0.0077,0.0000,0.0000,0.0000,0.0074,0.0002,500,430.6047
0.0085,0.0000,0.0000,0.0000,0.0083,0.0001,500,430.8046
0.0086,0.0000,0.0000,0.0001,0.0084,0.0000,500,430.8046
0.0101,0.0000,0.0000,0.0000,0.0099,0.0001,500,431.0054
0.0104,0.0000,0.0000,0.0000,0.0103,0.0000,500,431.0055
0.0052,0.0000,0.0000,0.0000,0.0050,0.0001,500,431.2035
0.0058,0.0000,0.0000,0.0000,0.0053,0.0003,500,431.2035
0.0102,0.0000,0.0000,0.0000,0.0101,0.0001,500,431.4042
0.0103,0.0000,0.0000,0.0000,0.0096,0.0001,500,431.4041
0.0066,0.0000,0.0000,0.0000,0.0065,0.0001,500,431.6052
0.0073,0.0000,0.0000,0.0000,0.0072,0.0001,500,431.6052
0.0033,0.0000,0.0000,0.0000,0.0031,0.0001,500,431.8039
0.0033,0.0000,0.0000,0.0000,0.0032,0.0000,500,431.8040
0.0099,0.0000,0.0000,0.0000,0.0098,0.0001,500,432.0053
0.0100,0.0000,0.0000,0.0000,0.0097,0.0001,500,432.0053
0.0048,0.0000,0.0000,0.0000,0.0046,0.0001,500,432.2057
0.0052,0.0000,0.0000,0.0000,0.0049,0.0001,500,432.2055
0.0036,0.0000,0.0000,0.0000,0.0034,0.0001,500,432.4068
0.0037,0.0000,0.0000,0.0000,0.0036,0.0001,500,432.4066
0.0044,0.0000,0.0000,0.0000,0.0042,0.0001,500,432.6055
0.0042,0.0000,0.0000,0.0000,0.0042,0.0000,500,432.6056
0.0103,0.0000,0.0000,0.0000,0.0101,0.0001,500,432.8054
0.0104,0.0000,0.0000,0.0000,0.0102,0.0001,500,432.8055
0.0805,0.0000,0.0000,0.0000,0.0803,0.0001,500,433.0050
0.0802,0.0000,0.0000,0.0000,0.0799,0.0001,500,433.0054
0.0050,0.0000,0.0000,0.0000,0.0049,0.0001,500,433.2040
0.0053,0.0000,0.0000,0.0000,0.0052,0.0000,500,433.2041
0.0053,0.0000,0.0000,0.0000,0.0052,0.0001,500,433.4040
0.0053,0.0000,0.0000,0.0000,0.0052,0.0001,500,433.4041
0.0093,0.0000,0.0000,0.0000,0.0081,0.0010,500,433.6042
0.0093,0.0000,0.0000,0.0000,0.0052,0.0040,500,433.6042
0.0114,0.0000,0.0000,0.0001,0.0111,0.0001,500,433.8044
0.0114,0.0000,0.0000,0.0000,0.0111,0.0001,500,433.8044
0.0650,0.0000,0.0000,0.0000,0.0647,0.0002,500,434.0056
0.0651,0.0000,0.0000,0.0000,0.0647,0.0001,500,434.0055
0.0035,0.0000,0.0000,0.0000,0.0034,0.0001,500,434.2048
0.0035,0.0000,0.0000,0.0000,0.0034,0.0001,500,434.2048
0.0037,0.0000,0.0000,0.0000,0.0036,0.0001,500,434.4049
0.0039,0.0000,0.0000,0.0000,0.0037,0.0001,500,434.4048
0.0102,0.0000,0.0000,0.0001,0.0098,0.0001,500,434.6043
0.0101,0.0000,0.0000,0.0001,0.0098,0.0001,500,434.6044
0.0120,0.0000,0.0000,0.0001,0.0118,0.0001,500,434.8050
0.0118,0.0000,0.0000,0.0000,0.0117,0.0000,500,434.8053
0.1878,0.0000,0.0000,0.0001,0.1852,0.0001,500,435.0442
0.1839,0.0000,0.0000,0.0000,0.1837,0.0001,500,435.0482
0.1251,0.0000,0.0000,0.0000,0.1248,0.0002,500,435.2321
0.1252,0.0000,0.0000,0.0000,0.1251,0.0000,500,435.2321
0.0297,0.0000,0.0000,0.0003,0.0180,0.0107,500,435.4040
0.0291,0.0000,0.0000,0.0001,0.0183,0.0106,500,435.4046
0.0149,0.0000,0.0000,0.0000,0.0139,0.0001,500,435.6044
0.0150,0.0000,0.0000,0.0006,0.0134,0.0001,500,435.6043
0.0422,0.0000,0.0000,0.0008,0.0412,0.0001,500,435.8042
0.0431,0.0000,0.0000,0.0001,0.0422,0.0001,500,435.8041
0.0486,0.0000,0.0000,0.0000,0.0479,0.0005,500,436.0056
0.0485,0.0000,0.0000,0.0001,0.0478,0.0006,500,436.0061
0.0063,0.0000,0.0000,0.0000,0.0062,0.0001,500,436.2055
0.0065,0.0000,0.0000,0.0000,0.0062,0.0001,500,436.2055
0.0260,0.0000,0.0000,0.0000,0.0257,0.0001,500,436.4050
0.0265,0.0000,0.0000,0.0000,0.0264,0.0000,500,436.4049
0.0074,0.0000,0.0000,0.0000,0.0072,0.0001,500,436.6038
0.0075,0.0000,0.0000,0.0000,0.0073,0.0001,500,436.6038
0.0060,0.0000,0.0000,0.0000,0.0058,0.0001,500,436.8057
0.0062,0.0000,0.0000,0.0000,0.0060,0.0001,500,436.8055
0.0334,0.0000,0.0000,0.0000,0.0327,0.0001,500,437.0079
0.0336,0.0000,0.0000,0.0000,0.0326,0.0002,500,437.0078
0.0186,0.0000,0.0000,0.0004,0.0138,0.0004,500,437.2079
0.0195,0.0000,0.0000,0.0004,0.0145,0.0000,500,437.2079
0.0097,0.0000,0.0000,0.0000,0.0095,0.0001,500,437.4044
0.0140,0.0000,0.0000,0.0000,0.0138,0.0001,500,437.4045
0.0046,0.0000,0.0000,0.0000,0.0043,0.0003,500,437.6054
0.0049,0.0000,0.0000,0.0000,0.0048,0.0000,500,437.6055
0.5952,0.0000,0.0000,0.0303,0.5637,0.0011,500,437.8106
0.0166,0.0000,0.0000,0.0007,0.0154,0.0001,500,438.4059
0.6312,0.0000,0.0000,0.0081,0.6226,0.0001,500,437.8074
0.0024,0.0000,0.0000,0.0000,0.0023,0.0001,500,438.4386
0.0095,0.0000,0.0000,0.0000,0.0092,0.0002,500,438.6039
0.0096,0.0000,0.0000,0.0000,0.0094,0.0002,500,438.6040
0.0077,0.0000,0.0000,0.0000,0.0076,0.0001,500,438.8087
0.0089,0.0000,0.0000,0.0000,0.0088,0.0000,500,438.8074
0.0379,0.0000,0.0000,0.0000,0.0377,0.0001,500,439.0055
0.0379,0.0000,0.0000,0.0000,0.0378,0.0001,500,439.0055
0.0033,0.0000,0.0000,0.0000,0.0031,0.0001,500,439.2050
0.0035,0.0000,0.0000,0.0000,0.0033,0.0000,500,439.2050
0.0132,0.0000,0.0000,0.0002,0.0127,0.0001,500,439.4072
0.0143,0.0000,0.0000,0.0002,0.0132,0.0001,500,439.4061
0.0490,0.0000,0.0000,0.0000,0.0461,0.0001,500,439.6037
0.0555,0.0000,0.0000,0.0000,0.0554,0.0001,500,439.6037
0.0349,0.0000,0.0000,0.0000,0.0348,0.0001,500,439.8035
0.0358,0.0000,0.0000,0.0000,0.0357,0.0001,500,439.8036
0.0052,0.0000,0.0000,0.0001,0.0049,0.0001,500,440.0041
0.0065,0.0000,0.0000,0.0001,0.0062,0.0001,500,440.0040
0.0078,0.0000,0.0000,0.0000,0.0076,0.0001,500,440.2053
0.0079,0.0000,0.0000,0.0000,0.0077,0.0001,500,440.2052
0.0129,0.0000,0.0000,0.0000,0.0127,0.0001,500,440.4060
0.0131,0.0000,0.0000,0.0000,0.0129,0.0001,500,440.4057
0.0136,0.0000,0.0000,0.0000,0.0119,0.0001,500,440.6063
0.0125,0.0000,0.0000,0.0003,0.0121,0.0001,500,440.6074
0.0179,0.0000,0.0000,0.0002,0.0129,0.0006,500,440.8108
0.0152,0.0000,0.0000,0.0004,0.0135,0.0001,500,440.8137
0.0064,0.0000,0.0000,0.0000,0.0062,0.0001,500,441.0053
0.0062,0.0000,0.0000,0.0000,0.0060,0.0001,500,441.0055
0.0062,0.0000,0.0000,0.0000,0.0061,0.0001,500,441.2037
0.0061,0.0000,0.0000,0.0000,0.0060,0.0000,500,441.2038
0.0062,0.0000,0.0000,0.0002,0.0059,0.0001,500,441.4043
0.0060,0.0000,0.0000,0.0000,0.0059,0.0001,500,441.4046
0.0127,0.0000,0.0000,0.0000,0.0114,0.0013,500,441.6072
0.0128,0.0000,0.0000,0.0000,0.0114,0.0012,500,441.6071
0.0095,0.0000,0.0000,0.0011,0.0082,0.0001,500,441.8055
0.0097,0.0000,0.0000,0.0001,0.0093,0.0002,500,441.8055
0.0057,0.0000,0.0000,0.0000,0.0056,0.0001,500,442.0056
0.0059,0.0000,0.0000,0.0000,0.0058,0.0000,500,442.0055
0.0071,0.0000,0.0000,0.0000,0.0069,0.0001,500,442.2059
0.0082,0.0000,0.0000,0.0001,0.0079,0.0001,500,442.2056
0.0093,0.0000,0.0000,0.0000,0.0092,0.0001,500,442.4044
0.0094,0.0000,0.0000,0.0000,0.0092,0.0001,500,442.4044
0.0035,0.0000,0.0000,0.0000,0.0030,0.0004,500,442.6048
0.0036,0.0000,0.0000,0.0000,0.0034,0.0000,500,442.6047
0.0058,0.0000,0.0000,0.0000,0.0054,0.0002,500,442.8054
0.0058,0.0000,0.0000,0.0000,0.0056,0.0001,500,442.8055
0.0091,0.0000,0.0000,0.0000,0.0087,0.0003,500,443.0055
0.0096,0.0000,0.0000,0.0000,0.0094,0.0001,500,443.0054
0.0548,0.0000,0.0000,0.0002,0.0536,0.0001,500,443.2050
0.0556,0.0000,0.0000,0.0001,0.0552,0.0001,500,443.2042
0.0068,0.0000,0.0000,0.0000,0.0064,0.0001,500,443.4046
0.0069,0.0000,0.0000,0.0000,0.0067,0.0001,500,443.4045
0.0041,0.0000,0.0000,0.0000,0.0039,0.0001,500,443.6054
0.0041,0.0000,0.0000,0.0000,0.0040,0.0000,500,443.6054
0.0059,0.0000,0.0000,0.0001,0.0056,0.0002,500,443.8055
0.0062,0.0000,0.0000,0.0000,0.0059,0.0002,500,443.8056
0.0055,0.0000,0.0000,0.0000,0.0053,0.0001,500,444.0045
0.0055,0.0000,0.0000,0.0000,0.0053,0.0001,500,444.0045
0.0200,0.0000,0.0000,0.0000,0.0199,0.0001,500,444.2047
0.0206,0.0000,0.0000,0.0000,0.0203,0.0000,500,444.2042
0.0131,0.0000,0.0000,0.0000,0.0129,0.0001,500,444.4039
0.0130,0.0000,0.0000,0.0001,0.0127,0.0001,500,444.4041
0.0060,0.0000,0.0000,0.0001,0.0058,0.0001,500,444.6039
0.0060,0.0000,0.0000,0.0000,0.0058,0.0001,500,444.6039
0.0063,0.0000,0.0000,0.0000,0.0061,0.0001,500,444.8058
0.0069,0.0000,0.0000,0.0001,0.0064,0.0000,500,444.8055
0.0114,0.0000,0.0000,0.0001,0.0090,0.0022,500,445.0037
0.0132,0.0000,0.0000,0.0000,0.0129,0.0002,500,445.0038
0.0054,0.0000,0.0000,0.0000,0.0052,0.0001,500,445.2037
0.0055,0.0000,0.0000,0.0000,0.0053,0.0001,500,445.2037
0.0064,0.0000,0.0000,0.0000,0.0050,0.0007,500,445.4056
0.0066,0.0000,0.0000,0.0000,0.0065,0.0001,500,445.4055
0.0069,0.0000,0.0000,0.0000,0.0066,0.0002,500,445.6038
0.0067,0.0000,0.0000,0.0000,0.0066,0.0000,500,445.6040
0.0035,0.0000,0.0000,0.0000,0.0033,0.0001,500,445.8048
0.0035,0.0000,0.0000,0.0000,0.0034,0.0000,500,445.8048
0.0129,0.0000,0.0000,0.0000,0.0098,0.0030,500,446.0055
0.0130,0.0000,0.0000,0.0000,0.0128,0.0001,500,446.0055
0.0049,0.0000,0.0000,0.0000,0.0042,0.0007,500,446.2056
0.0052,0.0000,0.0000,0.0000,0.0050,0.0000,500,446.2053
0.0153,0.0000,0.0000,0.0000,0.0151,0.0001,500,446.4036
0.0153,0.0000,0.0000,0.0000,0.0151,0.0001,500,446.4036
0.0041,0.0000,0.0000,0.0000,0.0038,0.0001,500,446.6042
0.0041,0.0000,0.0000,0.0000,0.0039,0.0001,500,446.6042
0.0157,0.0000,0.0000,0.0000,0.0151,0.0005,500,446.8054
0.0157,0.0000,0.0000,0.0000,0.0156,0.0000,500,446.8055
0.0164,0.0000,0.0000,0.0004,0.0150,0.0001,500,447.0037
0.0167,0.0000,0.0000,0.0000,0.0158,0.0003,500,447.0037
0.0075,0.0000,0.0000,0.0001,0.0073,0.0001,500,447.2167
0.0095,0.0000,0.0000,0.0000,0.0093,0.0000,500,447.2166
0.0040,0.0000,0.0000,0.0000,0.0039,0.0000,500,447.4054
0.0138,0.0000,0.0000,0.0035,0.0102,0.0001,500,447.4055
0.0081,0.0000,0.0000,0.0000,0.0076,0.0004,500,447.6049
0.0112,0.0000,0.0000,0.0000,0.0112,0.0000,500,447.6050
0.0148,0.0000,0.0000,0.0000,0.0144,0.0003,500,447.8038
0.0150,0.0000,0.0000,0.0000,0.0149,0.0000,500,447.8037
0.0210,0.0000,0.0000,0.0004,0.0203,0.0001,500,448.0054
0.0208,0.0000,0.0000,0.0000,0.0205,0.0001,500,448.0057
0.0046,0.0000,0.0000,0.0000,0.0043,0.0001,500,448.2051
0.0046,0.0000,0.0000,0.0000,0.0044,0.0001,500,448.2051
0.3720,0.0000,0.0000,0.0004,0.3700,0.0015,200,448.4054
0.3992,0.0000,0.0000,0.0000,0.3989,0.0002,200,448.4055
0.1721,0.0000,0.0000,0.0001,0.1718,0.0001,200,448.7775
0.1919,0.0000,0.0000,0.0000,0.1910,0.0009,200,448.8047
0.1639,0.0000,0.0000,0.0000,0.1635,0.0003,200,448.9496
0.1432,0.0000,0.0000,0.0000,0.1425,0.0005,200,449.0051
0.1426,0.0000,0.0000,0.0000,0.1425,0.0001,200,449.1135
0.1658,0.0000,0.0000,0.0000,0.1640,0.0017,200,449.2054
0.1582,0.0000,0.0000,0.0000,0.1559,0.0022,200,449.2561
0.1451,0.0000,0.0000,0.0000,0.1425,0.0025,200,449.4054
0.1503,0.0000,0.0000,0.0000,0.1456,0.0046,200,449.4143
0.1803,0.0000,0.0000,0.0000,0.1801,0.0001,200,449.6051
0.1835,0.0000,0.0000,0.0000,0.1833,0.0001,200,449.6052
0.2768,0.0000,0.0000,0.0000,0.2706,0.0060,200,449.8040
0.2903,0.0000,0.0000,0.0000,0.2900,0.0001,200,449.8040
0.4362,0.0000,0.0000,0.0000,0.4311,0.0049,200,450.0808
0.4849,0.0000,0.0000,0.0000,0.4833,0.0015,200,450.0943
0.1361,0.0000,0.0000,0.0000,0.1313,0.0047,200,450.5170
0.1556,0.0000,0.0000,0.0000,0.1530,0.0026,200,450.5792
0.1520,0.0000,0.0000,0.0000,0.1519,0.0001,200,450.6531
0.2231,0.0000,0.0000,0.0000,0.2215,0.0015,200,450.7348
0.1665,0.0000,0.0000,0.0000,0.1650,0.0014,200,450.8051
0.1455,0.0000,0.0000,0.0000,0.1400,0.0055,200,450.9578
15.5064,0.0012,0.0000,0.0002,15.5044,0.0005,500,471.1048
15.6001,0.0059,0.0000,0.0066,15.5857,0.0017,500,471.0112
0.4282,0.0000,0.0000,0.0001,0.4278,0.0001,200,486.6113
0.4296,0.0000,0.0000,0.0001,0.4283,0.0011,200,486.6113
0.0755,0.0000,0.0000,0.0000,0.0754,0.0001,200,487.0396
0.0741,0.0000,0.0000,0.0002,0.0738,0.0001,200,487.0410
0.0534,0.0000,0.0000,0.0000,0.0527,0.0006,200,487.2044
0.0536,0.0000,0.0000,0.0000,0.0535,0.0000,200,487.2045
0.0551,0.0000,0.0000,0.0000,0.0550,0.0001,200,487.4040
0.2021,0.0000,0.0000,0.0000,0.1602,0.0418,200,487.4039
0.1940,0.0000,0.0000,0.0013,0.1908,0.0001,200,487.6041
0.2727,0.0000,0.0000,0.0003,0.2716,0.0001,200,487.6065
0.1471,0.0000,0.0000,0.0001,0.1466,0.0001,200,487.8041
0.1319,0.0000,0.0000,0.0000,0.1316,0.0002,200,487.8792
0.2001,0.0000,0.0000,0.0000,0.1958,0.0042,200,488.0044
0.1935,0.0000,0.0000,0.0000,0.1892,0.0042,200,488.0111
0.1028,0.0000,0.0000,0.0000,0.1026,0.0001,200,488.2045
0.1031,0.0000,0.0000,0.0000,0.1028,0.0002,200,488.2046
0.0519,0.0000,0.0000,0.0000,0.0506,0.0012,200,488.4040
0.0519,0.0000,0.0000,0.0000,0.0506,0.0012,200,488.4040
0.0381,0.0000,0.0000,0.0000,0.0375,0.0001,200,488.6044
0.0383,0.0000,0.0000,0.0000,0.0378,0.0002,200,488.6045
0.0461,0.0000,0.0000,0.0000,0.0458,0.0002,200,488.8037
0.0463,0.0000,0.0000,0.0000,0.0460,0.0002,200,488.8036
13.1477,0.0031,0.0000,0.0001,13.1440,0.0005,500,509.0106
13.1501,0.0053,0.0000,0.0005,13.1435,0.0006,500,509.0082
0.0073,0.0000,0.0000,0.0001,0.0070,0.0001,500,522.1584
0.0077,0.0000,0.0000,0.0001,0.0070,0.0005,500,522.1584
0.0050,0.0000,0.0000,0.0000,0.0048,0.0001,500,522.2037
0.0051,0.0000,0.0000,0.0001,0.0049,0.0000,500,522.2036
0.0028,0.0000,0.0000,0.0000,0.0027,0.0001,500,522.4045
0.0040,0.0000,0.0000,0.0000,0.0038,0.0000,500,522.4045
0.0041,0.0000,0.0000,0.0000,0.0033,0.0008,500,522.6045
0.0042,0.0000,0.0000,0.0000,0.0041,0.0000,500,522.6045
0.0050,0.0000,0.0000,0.0000,0.0049,0.0001,500,522.8044
0.0050,0.0000,0.0000,0.0000,0.0049,0.0001,500,522.8044
0.0056,0.0000,0.0000,0.0000,0.0055,0.0001,500,523.0037
0.0125,0.0000,0.0000,0.0000,0.0055,0.0070,500,523.0036
0.0068,0.0000,0.0000,0.0001,0.0066,0.0001,500,523.2045
0.0069,0.0000,0.0000,0.0000,0.0068,0.0000,500,523.2045
0.0046,0.0000,0.0000,0.0000,0.0043,0.0001,500,523.4041
0.0046,0.0000,0.0000,0.0001,0.0043,0.0000,500,523.4041
0.0054,0.0000,0.0000,0.0000,0.0045,0.0007,500,523.6045
0.0054,0.0000,0.0000,0.0000,0.0049,0.0004,500,523.6045
0.0033,0.0000,0.0000,0.0000,0.0031,0.0001,500,523.8044
0.0034,0.0000,0.0000,0.0000,0.0032,0.0000,500,523.8044
0.0126,0.0000,0.0000,0.0000,0.0123,0.0001,500,524.0045
0.0125,0.0000,0.0000,0.0000,0.0114,0.0010,500,524.0045
0.0125,0.0000,0.0000,0.0000,0.0122,0.0001,500,524.2045
0.0125,0.0000,0.0000,0.0000,0.0123,0.0001,500,524.2045
0.0054,0.0000,0.0000,0.0000,0.0052,0.0001,500,524.4045
0.0069,0.0000,0.0000,0.0000,0.0065,0.0002,500,524.4044
0.0066,0.0000,0.0000,0.0000,0.0061,0.0003,500,524.6042
0.0066,0.0000,0.0000,0.0000,0.0064,0.0000,500,524.6042
0.0064,0.0000,0.0000,0.0000,0.0062,0.0001,500,524.8041
0.0065,0.0000,0.0000,0.0000,0.0063,0.0000,500,524.8041
0.0165,0.0000,0.0000,0.0001,0.0113,0.0001,500,525.0075
0.0120,0.0000,0.0000,0.0000,0.0118,0.0001,500,525.0127
0.0066,0.0000,0.0000,0.0000,0.0065,0.0001,500,525.2045
0.0080,0.0000,0.0000,0.0000,0.0078,0.0000,500,525.2044
0.0048,0.0000,0.0000,0.0000,0.0047,0.0001,500,525.4044
0.0053,0.0000,0.0000,0.0000,0.0052,0.0000,500,525.4044
0.0068,0.0000,0.0000,0.0000,0.0065,0.0001,500,525.6043
0.0067,0.0000,0.0000,0.0000,0.0065,0.0001,500,525.6044
0.0067,0.0000,0.0000,0.0000,0.0065,0.0002,500,525.8045
0.0067,0.0000,0.0000,0.0000,0.0066,0.0000,500,525.8045
0.0025,0.0000,0.0000,0.0000,0.0024,0.0000,500,526.0044
0.0028,0.0000,0.0000,0.0000,0.0028,0.0000,500,526.0044
0.0056,0.0000,0.0000,0.0001,0.0054,0.0001,500,526.2042
0.0060,0.0000,0.0000,0.0000,0.0058,0.0001,500,526.2042
0.0044,0.0000,0.0000,0.0000,0.0043,0.0001,500,526.4044
0.0046,0.0000,0.0000,0.0000,0.0045,0.0000,500,526.4045
0.0046,0.0000,0.0000,0.0001,0.0042,0.0002,500,526.6041
0.0047,0.0000,0.0000,0.0000,0.0043,0.0001,500,526.6041
0.0045,0.0000,0.0000,0.0000,0.0044,0.0001,500,526.8045
0.0048,0.0000,0.0000,0.0000,0.0045,0.0002,500,526.8045
0.0082,0.0000,0.0000,0.0000,0.0079,0.0001,500,527.0042
0.0083,0.0000,0.0000,0.0001,0.0081,0.0001,500,527.0041
0.0058,0.0000,0.0000,0.0000,0.0052,0.0001,500,527.2044
0.0060,0.0000,0.0000,0.0000,0.0059,0.0001,500,527.2043
0.0160,0.0000,0.0000,0.0000,0.0153,0.0001,500,527.4050
0.0159,0.0000,0.0000,0.0003,0.0154,0.0001,500,527.4051
0.0047,0.0000,0.0000,0.0001,0.0043,0.0001,500,527.6041
0.0048,0.0000,0.0000,0.0000,0.0046,0.0001,500,527.6041
0.0067,0.0000,0.0000,0.0000,0.0065,0.0001,500,527.8045
0.0068,0.0000,0.0000,0.0000,0.0065,0.0001,500,527.8044
0.0065,0.0000,0.0000,0.0001,0.0061,0.0001,500,528.0038
0.0061,0.0000,0.0000,0.0000,0.0056,0.0000,500,528.0043
0.0048,0.0000,0.0000,0.0000,0.0046,0.0001,500,528.2045
0.0074,0.0000,0.0000,0.0000,0.0054,0.0019,500,528.2045
0.0056,0.0000,0.0000,0.0000,0.0053,0.0001,500,528.4045
0.0056,0.0000,0.0000,0.0001,0.0054,0.0000,500,528.4046
0.0024,0.0000,0.0000,0.0000,0.0023,0.0001,500,528.6037
0.0029,0.0000,0.0000,0.0000,0.0024,0.0004,500,528.6036
0.0045,0.0000,0.0000,0.0000,0.0042,0.0001,500,528.8044
0.0049,0.0000,0.0000,0.0000,0.0044,0.0004,500,528.8045
0.0111,0.0000,0.0000,0.0000,0.0105,0.0001,500,529.0045
0.0120,0.0000,0.0000,0.0000,0.0112,0.0007,500,529.0045
0.0069,0.0000,0.0000,0.0000,0.0067,0.0001,500,529.2045
0.0077,0.0000,0.0000,0.0000,0.0067,0.0009,500,529.2045
0.0064,0.0000,0.0000,0.0000,0.0055,0.0008,500,529.4045
0.0064,0.0000,0.0000,0.0000,0.0054,0.0009,500,529.4044
0.0029,0.0000,0.0000,0.0000,0.0027,0.0001,500,529.6039
0.0030,0.0000,0.0000,0.0000,0.0029,0.0000,500,529.6040
0.0061,0.0000,0.0000,0.0000,0.0059,0.0001,500,529.8037
0.0061,0.0000,0.0000,0.0000,0.0060,0.0001,500,529.8038
0.0041,0.0000,0.0000,0.0000,0.0040,0.0001,500,530.0044
0.0041,0.0000,0.0000,0.0000,0.0039,0.0001,500,530.0045
0.0076,0.0000,0.0000,0.0000,0.0074,0.0001,500,530.2043
0.0077,0.0000,0.0000,0.0000,0.0074,0.0001,500,530.2042
0.0070,0.0000,0.0000,0.0000,0.0068,0.0001,500,530.4035
0.0071,0.0000,0.0000,0.0000,0.0068,0.0000,500,530.4035
0.0055,0.0000,0.0000,0.0000,0.0052,0.0002,500,530.6042
0.0055,0.0000,0.0000,0.0000,0.0052,0.0002,500,530.6042
0.0106,0.0000,0.0000,0.0000,0.0099,0.0006,500,530.8041
0.0108,0.0000,0.0000,0.0001,0.0105,0.0000,500,530.8040
0.0091,0.0000,0.0000,0.0001,0.0088,0.0001,500,531.0045
0.0094,0.0000,0.0000,0.0000,0.0092,0.0000,500,531.0044
0.0053,0.0000,0.0000,0.0000,0.0050,0.0001,500,531.2036
0.0057,0.0000,0.0000,0.0000,0.0055,0.0000,500,531.2036
0.0071,0.0000,0.0000,0.0000,0.0070,0.0001,500,531.4041
0.0071,0.0000,0.0000,0.0000,0.0070,0.0001,500,531.4041
0.0088,0.0000,0.0000,0.0000,0.0078,0.0007,500,531.6045
0.0091,0.0000,0.0000,0.0001,0.0088,0.0000,500,531.6045
0.0051,0.0000,0.0000,0.0000,0.0049,0.0001,500,531.8045
0.0052,0.0000,0.0000,0.0001,0.0050,0.0000,500,531.8044
0.0081,0.0000,0.0000,0.0000,0.0078,0.0001,500,532.0036
0.0084,0.0000,0.0000,0.0000,0.0081,0.0000,500,532.0035
0.0073,0.0000,0.0000,0.0000,0.0071,0.0001,500,532.2041
0.0073,0.0000,0.0000,0.0000,0.0071,0.0001,500,532.2041
0.0049,0.0000,0.0000,0.0000,0.0048,0.0001,500,532.4038
0.0050,0.0000,0.0000,0.0000,0.0047,0.0001,500,532.4037
0.0068,0.0000,0.0000,0.0000,0.0065,0.0001,500,532.6044
0.0067,0.0000,0.0000,0.0000,0.0065,0.0001,500,532.6045
0.0087,0.0000,0.0000,0.0000,0.0086,0.0001,500,532.8045
0.0098,0.0000,0.0000,0.0000,0.0094,0.0003,500,532.8045
0.0064,0.0000,0.0000,0.0000,0.0062,0.0001,500,533.0035
0.0066,0.0000,0.0000,0.0000,0.0064,0.0001,500,533.0035
0.0062,0.0000,0.0000,0.0000,0.0059,0.0001,500,533.2035
0.0102,0.0000,0.0000,0.0000,0.0100,0.0001,500,533.2035
0.0071,0.0000,0.0000,0.0005,0.0063,0.0002,500,533.4045
0.0078,0.0000,0.0000,0.0000,0.0073,0.0003,500,533.4045
0.0045,0.0000,0.0000,0.0000,0.0043,0.0001,500,533.6044
0.0047,0.0000,0.0000,0.0000,0.0046,0.0000,500,533.6045
0.0053,0.0000,0.0000,0.0001,0.0050,0.0001,500,533.8045
0.0092,0.0000,0.0000,0.0000,0.0059,0.0029,500,533.8045
0.0086,0.0000,0.0000,0.0000,0.0083,0.0001,500,534.0045
0.0090,0.0000,0.0000,0.0001,0.0087,0.0000,500,534.0045
0.0042,0.0000,0.0000,0.0001,0.0037,0.0004,500,534.2042
0.0043,0.0000,0.0000,0.0000,0.0039,0.0002,500,534.2042
0.0044,0.0000,0.0000,0.0000,0.0042,0.0001,500,534.4045
0.0045,0.0000,0.0000,0.0000,0.0043,0.0000,500,534.4045
0.0082,0.0000,0.0000,0.0001,0.0080,0.0001,500,534.6045
0.0083,0.0000,0.0000,0.0006,0.0074,0.0001,500,534.6045
0.0060,0.0000,0.0000,0.0000,0.0058,0.0001,500,534.8045
0.0067,0.0000,0.0000,0.0001,0.0065,0.0000,500,534.8045
0.0187,0.0000,0.0000,0.0000,0.0185,0.0001,500,535.0045
0.0187,0.0000,0.0000,0.0000,0.0186,0.0000,500,535.0044
0.0393,0.0000,0.0000,0.0006,0.0385,0.0001,500,535.2043
0.0385,0.0000,0.0000,0.0000,0.0384,0.0000,500,535.2051
0.0075,0.0000,0.0000,0.0001,0.0072,0.0001,500,535.4045
0.0075,0.0000,0.0000,0.0000,0.0073,0.0001,500,535.4044
0.0089,0.0000,0.0000,0.0000,0.0076,0.0012,500,535.6044
0.0101,0.0000,0.0000,0.0000,0.0088,0.0013,500,535.6044
0.0069,0.0000,0.0000,0.0001,0.0064,0.0001,500,535.8045
0.0068,0.0000,0.0000,0.0000,0.0066,0.0001,500,535.8046
0.0131,0.0000,0.0000,0.0000,0.0128,0.0002,500,536.0035
0.0144,0.0000,0.0000,0.0000,0.0141,0.0001,500,536.0035
0.0054,0.0000,0.0000,0.0000,0.0050,0.0003,500,536.2043
0.0054,0.0000,0.0000,0.0000,0.0053,0.0000,500,536.2043
0.0096,0.0000,0.0000,0.0000,0.0071,0.0024,500,536.4045
0.0097,0.0000,0.0000,0.0000,0.0095,0.0001,500,536.4044
0.0051,0.0000,0.0000,0.0001,0.0048,0.0001,500,536.6039
0.0051,0.0000,0.0000,0.0000,0.0048,0.0000,500,536.6040
0.0086,0.0000,0.0000,0.0003,0.0079,0.0001,500,536.8096
0.0079,0.0000,0.0000,0.0005,0.0072,0.0001,500,536.8103
0.0063,0.0000,0.0000,0.0000,0.0061,0.0001,500,537.0044
0.0118,0.0000,0.0000,0.0000,0.0116,0.0001,500,537.0044
0.0099,0.0000,0.0000,0.0000,0.0094,0.0002,500,537.2038
0.0106,0.0000,0.0000,0.0001,0.0103,0.0001,500,537.2039
0.0035,0.0000,0.0000,0.0000,0.0034,0.0001,500,537.4041
0.0037,0.0000,0.0000,0.0000,0.0037,0.0000,500,537.4042
0.0038,0.0000,0.0000,0.0000,0.0037,0.0001,500,537.6045
0.0042,0.0000,0.0000,0.0000,0.0041,0.0001,500,537.6044
0.0037,0.0000,0.0000,0.0000,0.0027,0.0001,500,537.8044
0.0038,0.0000,0.0000,0.0000,0.0036,0.0001,500,537.8043
0.0086,0.0000,0.0000,0.0000,0.0084,0.0001,500,538.0044
0.0086,0.0000,0.0000,0.0000,0.0084,0.0001,500,538.0044
0.0036,0.0000,0.0000,0.0000,0.0032,0.0003,500,538.2045
0.0036,0.0000,0.0000,0.0000,0.0034,0.0000,500,538.2045
0.0114,0.0000,0.0000,0.0002,0.0108,0.0000,500,538.4035
0.0114,0.0000,0.0000,0.0001,0.0110,0.0001,500,538.4036
0.0052,0.0000,0.0000,0.0001,0.0043,0.0008,500,538.6039
0.0054,0.0000,0.0000,0.0001,0.0051,0.0000,500,538.6038
0.0084,0.0000,0.0000,0.0001,0.0076,0.0007,500,538.8047
0.0082,0.0000,0.0000,0.0000,0.0082,0.0000,500,538.8050
0.0148,0.0000,0.0000,0.0000,0.0146,0.0001,500,539.0040
0.0148,0.0000,0.0000,0.0000,0.0144,0.0002,500,539.0040
0.0079,0.0000,0.0000,0.0001,0.0076,0.0001,500,539.2045
0.0079,0.0000,0.0000,0.0001,0.0076,0.0001,500,539.2045
0.0061,0.0000,0.0000,0.0000,0.0039,0.0020,500,539.4043
0.0088,0.0000,0.0000,0.0000,0.0086,0.0001,500,539.4043
0.0059,0.0000,0.0000,0.0001,0.0056,0.0001,500,539.6037
0.0058,0.0000,0.0000,0.0000,0.0056,0.0001,500,539.6038
0.0036,0.0000,0.0000,0.0000,0.0035,0.0000,500,539.8044
0.0038,0.0000,0.0000,0.0000,0.0038,0.0000,500,539.8043
0.0043,0.0000,0.0000,0.0000,0.0040,0.0002,500,540.0044
0.0044,0.0000,0.0000,0.0000,0.0042,0.0000,500,540.0043
0.0059,0.0000,0.0000,0.0000,0.0057,0.0001,500,540.2039
0.0059,0.0000,0.0000,0.0000,0.0057,0.0001,500,540.2039
0.0053,0.0000,0.0000,0.0000,0.0051,0.0001,500,540.4045
0.0056,0.0000,0.0000,0.0000,0.0054,0.0001,500,540.4044
0.0055,0.0000,0.0000,0.0000,0.0041,0.0013,500,540.6043
0.0055,0.0000,0.0000,0.0000,0.0051,0.0004,500,540.6043
0.0056,0.0000,0.0000,0.0000,0.0051,0.0001,500,540.8041
0.0056,0.0000,0.0000,0.0000,0.0055,0.0001,500,540.8042
0.0058,0.0000,0.0000,0.0000,0.0054,0.0002,500,541.0045
0.0066,0.0000,0.0000,0.0001,0.0063,0.0001,500,541.0045
0.0058,0.0000,0.0000,0.0000,0.0054,0.0003,500,541.2044
0.0058,0.0000,0.0000,0.0000,0.0057,0.0000,500,541.2044
0.0069,0.0000,0.0000,0.0000,0.0067,0.0001,500,541.4042
0.0069,0.0000,0.0000,0.0000,0.0067,0.0001,500,541.4042
0.0079,0.0000,0.0000,0.0000,0.0073,0.0004,500,541.6045
0.0079,0.0000,0.0000,0.0000,0.0077,0.0001,500,541.6045
0.0091,0.0000,0.0000,0.0000,0.0089,0.0001,500,541.8044
0.0090,0.0000,0.0000,0.0001,0.0089,0.0000,500,541.8045
0.0039,0.0000,0.0000,0.0000,0.0028,0.0007,500,542.0044
0.0040,0.0000,0.0000,0.0001,0.0038,0.0000,500,542.0044
0.0045,0.0000,0.0000,0.0000,0.0036,0.0007,500,542.2040
0.0045,0.0000,0.0000,0.0000,0.0036,0.0003,500,542.2040
0.0038,0.0000,0.0000,0.0000,0.0036,0.0001,500,542.4044
0.0040,0.0000,0.0000,0.0000,0.0037,0.0003,500,542.4045
0.0048,0.0000,0.0000,0.0000,0.0046,0.0001,500,542.6044
0.0059,0.0000,0.0000,0.0000,0.0058,0.0000,500,542.6044
0.0058,0.0000,0.0000,0.0000,0.0056,0.0001,500,542.8045
0.0058,0.0000,0.0000,0.0001,0.0056,0.0001,500,542.8045
0.0188,0.0000,0.0000,0.0000,0.0186,0.0001,500,543.0039
0.0185,0.0000,0.0000,0.0000,0.0183,0.0001,500,543.0042
0.0063,0.0000,0.0000,0.0000,0.0057,0.0005,500,543.2044
0.0063,0.0000,0.0000,0.0001,0.0061,0.0001,500,543.2045
0.0054,0.0000,0.0000,0.0000,0.0051,0.0001,500,543.4039
0.0056,0.0000,0.0000,0.0000,0.0054,0.0000,500,543.4039
0.0060,0.0000,0.0000,0.0000,0.0058,0.0001,500,543.6042
0.0065,0.0000,0.0000,0.0000,0.0063,0.0001,500,543.6042
0.0081,0.0000,0.0000,0.0000,0.0080,0.0001,500,543.8040
0.0092,0.0000,0.0000,0.0000,0.0086,0.0005,500,543.8040
0.0086,0.0000,0.0000,0.0001,0.0084,0.0001,500,544.0045
0.0086,0.0000,0.0000,0.0000,0.0084,0.0001,500,544.0044
0.0065,0.0000,0.0000,0.0000,0.0063,0.0001,500,544.2040
0.0065,0.0000,0.0000,0.0000,0.0063,0.0001,500,544.2040
0.0046,0.0000,0.0000,0.0000,0.0044,0.0001,500,544.4038
0.0051,0.0000,0.0000,0.0000,0.0049,0.0000,500,544.4037
0.0092,0.0000,0.0000,0.0000,0.0078,0.0012,500,544.6040
0.0092,0.0000,0.0000,0.0000,0.0090,0.0001,500,544.6040
0.0059,0.0000,0.0000,0.0000,0.0057,0.0001,500,544.8045
0.0059,0.0000,0.0000,0.0001,0.0057,0.0001,500,544.8045
0.0054,0.0000,0.0000,0.0000,0.0052,0.0001,500,545.0041
0.0107,0.0000,0.0000,0.0000,0.0105,0.0001,500,545.0042
0.0050,0.0000,0.0000,0.0000,0.0046,0.0003,500,545.2045
0.0051,0.0000,0.0000,0.0001,0.0049,0.0000,500,545.2044
0.0060,0.0000,0.0000,0.0000,0.0057,0.0001,500,545.4041
0.0070,0.0000,0.0000,0.0000,0.0068,0.0001,500,545.4041
0.0089,0.0000,0.0000,0.0000,0.0075,0.0012,500,545.6045
0.0089,0.0000,0.0000,0.0000,0.0075,0.0013,500,545.6045
0.0052,0.0000,0.0000,0.0001,0.0049,0.0001,500,545.8044
0.0051,0.0000,0.0000,0.0000,0.0044,0.0000,500,545.8045
0.0069,0.0000,0.0000,0.0000,0.0067,0.0001,500,546.0040
0.0069,0.0000,0.0000,0.0001,0.0067,0.0001,500,546.0040
0.0042,0.0000,0.0000,0.0000,0.0041,0.0001,500,546.2039
0.0043,0.0000,0.0000,0.0000,0.0041,0.0001,500,546.2039
0.0051,0.0000,0.0000,0.0000,0.0049,0.0001,500,546.4044
0.0055,0.0000,0.0000,0.0000,0.0050,0.0004,500,546.4045
0.0058,0.0000,0.0000,0.0000,0.0056,0.0001,500,546.6045
0.0058,0.0000,0.0000,0.0001,0.0056,0.0001,500,546.6045
0.0038,0.0000,0.0000,0.0000,0.0037,0.0001,500,546.8043
0.0045,0.0000,0.0000,0.0000,0.0043,0.0001,500,546.8043
0.0133,0.0000,0.0000,0.0000,0.0130,0.0001,500,547.0044
0.0133,0.0000,0.0000,0.0012,0.0119,0.0001,500,547.0044
0.0026,0.0000,0.0000,0.0004,0.0020,0.0001,500,547.2044
0.0034,0.0000,0.0000,0.0000,0.0033,0.0000,500,547.2045
0.0045,0.0000,0.0000,0.0000,0.0043,0.0001,500,547.4044
0.0045,0.0000,0.0000,0.0000,0.0044,0.0000,500,547.4044
0.0041,0.0000,0.0000,0.0000,0.0038,0.0001,500,547.6042
0.0047,0.0000,0.0000,0.0001,0.0042,0.0004,500,547.6041
0.0040,0.0000,0.0000,0.0001,0.0038,0.0001,500,547.8045
0.0041,0.0000,0.0000,0.0000,0.0039,0.0001,500,547.8045
0.0058,0.0000,0.0000,0.0001,0.0054,0.0001,500,548.0039
0.0057,0.0000,0.0000,0.0001,0.0054,0.0001,500,548.0039
0.0041,0.0000,0.0000,0.0000,0.0039,0.0001,500,548.2044
0.0044,0.0000,0.0000,0.0000,0.0043,0.0000,500,548.2045
0.0074,0.0000,0.0000,0.0000,0.0072,0.0001,500,548.4044
0.0076,0.0000,0.0000,0.0000,0.0075,0.0000,500,548.4045
0.0095,0.0000,0.0000,0.0000,0.0092,0.0001,500,548.6037
0.0095,0.0000,0.0000,0.0000,0.0093,0.0001,500,548.6038
0.0072,0.0000,0.0000,0.0000,0.0070,0.0001,500,548.8045
0.0072,0.0000,0.0000,0.0000,0.0070,0.0001,500,548.8045
0.0263,0.0000,0.0000,0.0000,0.0259,0.0003,500,549.0035
0.0264,0.0000,0.0000,0.0001,0.0262,0.0000,500,549.0035
0.0067,0.0000,0.0000,0.0000,0.0065,0.0001,500,549.2045
0.0068,0.0000,0.0000,0.0000,0.0066,0.0000,500,549.2045
0.0179,0.0000,0.0000,0.0000,0.0178,0.0001,500,549.4042
0.0208,0.0000,0.0000,0.0000,0.0206,0.0000,500,549.4041
0.0063,0.0000,0.0000,0.0000,0.0061,0.0001,500,549.6044
0.0062,0.0000,0.0000,0.0000,0.0056,0.0001,500,549.6045
0.0072,0.0000,0.0000,0.0000,0.0070,0.0001,500,549.8045
0.0077,0.0000,0.0000,0.0000,0.0076,0.0000,500,549.8045
0.0043,0.0000,0.0000,0.0000,0.0042,0.0001,500,550.0040
0.0050,0.0000,0.0000,0.0000,0.0049,0.0000,500,550.0040
0.0292,0.0000,0.0000,0.0000,0.0291,0.0001,500,550.2044
0.0296,0.0000,0.0000,0.0000,0.0290,0.0001,500,550.2040
0.0049,0.0000,0.0000,0.0001,0.0044,0.0002,500,550.4045
0.0050,0.0000,0.0000,0.0000,0.0048,0.0001,500,550.4044
0.0102,0.0000,0.0000,0.0000,0.0056,0.0044,500,550.6038
0.0102,0.0000,0.0000,0.0000,0.0100,0.0001,500,550.6038
0.0072,0.0000,0.0000,0.0001,0.0068,0.0001,500,550.8045
0.0077,0.0000,0.0000,0.0001,0.0072,0.0002,500,550.8046
0.0068,0.0000,0.0000,0.0000,0.0064,0.0003,500,551.0042
0.0113,0.0000,0.0000,0.0000,0.0111,0.0001,500,551.0042
0.0069,0.0000,0.0000,0.0000,0.0067,0.0001,500,551.2040
0.0069,0.0000,0.0000,0.0001,0.0067,0.0001,500,551.2040
0.0069,0.0000,0.0000,0.0000,0.0067,0.0001,500,551.4043
0.0071,0.0000,0.0000,0.0000,0.0069,0.0001,500,551.4043
0.0079,0.0000,0.0000,0.0000,0.0074,0.0001,500,551.6036
0.0079,0.0000,0.0000,0.0001,0.0077,0.0001,500,551.6036
0.0053,0.0000,0.0000,0.0000,0.0051,0.0001,500,551.8041
0.0062,0.0000,0.0000,0.0000,0.0061,0.0000,500,551.8041
0.0035,0.0000,0.0000,0.0000,0.0034,0.0001,500,552.0044
0.0036,0.0000,0.0000,0.0000,0.0035,0.0000,500,552.0045
0.0067,0.0000,0.0000,0.0000,0.0066,0.0001,500,552.2045
0.0068,0.0000,0.0000,0.0000,0.0066,0.0001,500,552.2044
0.0057,0.0000,0.0000,0.0000,0.0047,0.0004,500,552.4036
0.0057,0.0000,0.0000,0.0000,0.0055,0.0001,500,552.4036
0.0031,0.0000,0.0000,0.0000,0.0029,0.0001,500,552.6041
0.0039,0.0000,0.0000,0.0000,0.0038,0.0001,500,552.6041
0.0034,0.0000,0.0000,0.0000,0.0032,0.0001,500,552.8036
0.0035,0.0000,0.0000,0.0000,0.0033,0.0001,500,552.8036
0.0049,0.0000,0.0000,0.0000,0.0047,0.0001,500,553.0044
0.0082,0.0000,0.0000,0.0000,0.0080,0.0001,500,553.0045
0.0050,0.0000,0.0000,0.0000,0.0047,0.0002,500,553.2043
0.0050,0.0000,0.0000,0.0001,0.0047,0.0001,500,553.2043
0.0056,0.0000,0.0000,0.0000,0.0054,0.0001,500,553.4045
0.0065,0.0000,0.0000,0.0000,0.0052,0.0001,500,553.4045
0.0063,0.0000,0.0000,0.0000,0.0058,0.0001,500,553.6044
0.0071,0.0000,0.0000,0.0001,0.0069,0.0000,500,553.6045
0.0057,0.0000,0.0000,0.0000,0.0055,0.0001,500,553.8041
0.0062,0.0000,0.0000,0.0000,0.0060,0.0000,500,553.8040
0.0070,0.0000,0.0000,0.0001,0.0063,0.0005,500,554.0042
0.0109,0.0000,0.0000,0.0001,0.0107,0.0001,500,554.0042
0.0078,0.0000,0.0000,0.0000,0.0076,0.0001,500,554.2044
0.0079,0.0000,0.0000,0.0000,0.0076,0.0001,500,554.2044
0.0064,0.0000,0.0000,0.0000,0.0061,0.0001,500,554.4045
0.0098,0.0000,0.0000,0.0000,0.0096,0.0001,500,554.4045
0.0122,0.0000,0.0000,0.0001,0.0120,0.0001,500,554.6045
0.0104,0.0000,0.0000,0.0000,0.0102,0.0000,500,554.6062
0.0049,0.0000,0.0000,0.0000,0.0047,0.0001,500,554.8045
0.0062,0.0000,0.0000,0.0001,0.0054,0.0006,500,554.8045
0.0073,0.0000,0.0000,0.0000,0.0070,0.0001,500,555.0044
0.0076,0.0000,0.0000,0.0000,0.0074,0.0000,500,555.0045
0.0129,0.0000,0.0000,0.0000,0.0127,0.0001,500,555.2045
0.0131,0.0000,0.0000,0.0000,0.0128,0.0002,500,555.2047
0.0062,0.0000,0.0000,0.0000,0.0046,0.0004,500,555.4044
0.0063,0.0000,0.0000,0.0001,0.0060,0.0001,500,555.4044
0.0113,0.0000,0.0000,0.0000,0.0111,0.0001,500,555.6042
0.0113,0.0000,0.0000,0.0000,0.0112,0.0000,500,555.6042
0.0045,0.0000,0.0000,0.0000,0.0043,0.0001,500,555.8043
0.0048,0.0000,0.0000,0.0000,0.0043,0.0004,500,555.8043
0.0074,0.0000,0.0000,0.0000,0.0072,0.0001,500,556.0045
0.0074,0.0000,0.0000,0.0000,0.0072,0.0001,500,556.0044
0.0084,0.0000,0.0000,0.0001,0.0081,0.0001,500,556.2045
0.0835,0.0000,0.0000,0.0000,0.0822,0.0012,500,556.2046
0.0095,0.0000,0.0000,0.0000,0.0080,0.0014,500,556.4044
0.0095,0.0000,0.0000,0.0000,0.0093,0.0001,500,556.4045
0.0104,0.0000,0.0000,0.0000,0.0101,0.0001,500,556.6041
0.0107,0.0000,0.0000,0.0000,0.0100,0.0003,500,556.6041
0.0042,0.0000,0.0000,0.0000,0.0032,0.0009,500,556.8045
0.0042,0.0000,0.0000,0.0000,0.0041,0.0000,500,556.8045
0.0049,0.0000,0.0000,0.0000,0.0044,0.0004,500,557.0041
0.0058,0.0000,0.0000,0.0000,0.0049,0.0009,500,557.0041
0.0073,0.0000,0.0000,0.0001,0.0070,0.0001,500,557.2041
0.0073,0.0000,0.0000,0.0000,0.0071,0.0001,500,557.2042
0.0027,0.0000,0.0000,0.0000,0.0025,0.0001,500,557.4041
0.0030,0.0000,0.0000,0.0000,0.0028,0.0001,500,557.4042
0.0055,0.0000,0.0000,0.0000,0.0045,0.0009,500,557.6043
0.0055,0.0000,0.0000,0.0000,0.0045,0.0009,500,557.6043
0.0100,0.0000,0.0000,0.0001,0.0097,0.0001,500,557.8138
0.0104,0.0000,0.0000,0.0000,0.0098,0.0001,500,557.8134
0.0032,0.0000,0.0000,0.0000,0.0029,0.0002,500,558.0044
0.0035,0.0000,0.0000,0.0000,0.0033,0.0000,500,558.0044
0.0033,0.0000,0.0000,0.0000,0.0031,0.0001,500,558.2045
0.0033,0.0000,0.0000,0.0000,0.0022,0.0000,500,558.2044
0.0064,0.0000,0.0000,0.0000,0.0062,0.0001,500,558.4039
0.0064,0.0000,0.0000,0.0000,0.0062,0.0001,500,558.4039
0.0058,0.0000,0.0000,0.0000,0.0052,0.0005,500,558.6044
0.0058,0.0000,0.0000,0.0000,0.0052,0.0005,500,558.6045
0.0048,0.0000,0.0000,0.0000,0.0046,0.0001,500,558.8044
0.0048,0.0000,0.0000,0.0000,0.0047,0.0000,500,558.8045
0.0080,0.0000,0.0000,0.0000,0.0077,0.0001,500,559.0045
0.0085,0.0000,0.0000,0.0001,0.0083,0.0001,500,559.0045
0.0063,0.0000,0.0000,0.0000,0.0056,0.0001,500,559.2045
0.0078,0.0000,0.0000,0.0000,0.0072,0.0001,500,559.2045
0.0065,0.0000,0.0000,0.0000,0.0063,0.0001,500,559.4045
0.0065,0.0000,0.0000,0.0000,0.0063,0.0001,500,559.4045
0.0062,0.0000,0.0000,0.0000,0.0055,0.0006,500,559.6044
0.0063,0.0000,0.0000,0.0000,0.0061,0.0000,500,559.6044
0.0040,0.0000,0.0000,0.0000,0.0037,0.0001,500,559.8045
0.0047,0.0000,0.0000,0.0000,0.0045,0.0000,500,559.8045
0.0030,0.0000,0.0000,0.0000,0.0028,0.0001,500,560.0040
0.0037,0.0000,0.0000,0.0000,0.0036,0.0000,500,560.0040
0.0041,0.0000,0.0000,0.0000,0.0040,0.0001,500,560.2038
0.0042,0.0000,0.0000,0.0000,0.0041,0.0000,500,560.2037
0.0080,0.0000,0.0000,0.0000,0.0078,0.0001,500,560.4045
0.0081,0.0000,0.0000,0.0000,0.0078,0.0001,500,560.4044
0.0087,0.0000,0.0000,0.0000,0.0085,0.0001,500,560.6039
0.0088,0.0000,0.0000,0.0000,0.0087,0.0001,500,560.6040
0.0065,0.0000,0.0000,0.0000,0.0063,0.0000,500,560.8045
0.0065,0.0000,0.0000,0.0000,0.0059,0.0005,500,560.8045
0.0094,0.0000,0.0000,0.0000,0.0092,0.0001,500,561.0042
0.0094,0.0000,0.0000,0.0000,0.0092,0.0001,500,561.0041
0.0097,0.0000,0.0000,0.0001,0.0093,0.0002,500,561.2044
0.0099,0.0000,0.0000,0.0001,0.0095,0.0000,500,561.2043
0.0041,0.0000,0.0000,0.0001,0.0039,0.0001,500,561.4039
0.0050,0.0000,0.0000,0.0001,0.0048,0.0000,500,561.4039
0.0068,0.0000,0.0000,0.0000,0.0065,0.0001,500,561.6037
0.0067,0.0000,0.0000,0.0000,0.0066,0.0001,500,561.6038
0.0062,0.0000,0.0000,0.0000,0.0059,0.0001,500,561.8036
0.0061,0.0000,0.0000,0.0000,0.0056,0.0001,500,561.8036
0.0151,0.0000,0.0000,0.0000,0.0127,0.0023,500,562.0042
0.0150,0.0000,0.0000,0.0000,0.0149,0.0001,500,562.0042
0.0100,0.0000,0.0000,0.0000,0.0097,0.0001,500,562.2041
0.0099,0.0000,0.0000,0.0000,0.0087,0.0001,500,562.2042
0.0037,0.0000,0.0000,0.0000,0.0034,0.0001,500,562.4045
0.0040,0.0000,0.0000,0.0000,0.0038,0.0000,500,562.4045
0.0038,0.0000,0.0000,0.0000,0.0037,0.0001,500,562.6043
0.0039,0.0000,0.0000,0.0000,0.0037,0.0000,500,562.6043
0.0061,0.0000,0.0000,0.0000,0.0056,0.0004,500,562.8045
0.0061,0.0000,0.0000,0.0000,0.0059,0.0001,500,562.8045
0.0058,0.0000,0.0000,0.0000,0.0055,0.0001,500,563.0040
0.0119,0.0000,0.0000,0.0000,0.0117,0.0001,500,563.0041
0.0062,0.0000,0.0000,0.0001,0.0059,0.0001,500,563.2045
0.0063,0.0000,0.0000,0.0000,0.0059,0.0001,500,563.2044
0.0076,0.0000,0.0000,0.0000,0.0073,0.0001,500,563.4041
0.0076,0.0000,0.0000,0.0001,0.0074,0.0000,500,563.4042
0.0056,0.0000,0.0000,0.0000,0.0055,0.0001,500,563.6043
0.0057,0.0000,0.0000,0.0000,0.0047,0.0000,500,563.6043
0.0070,0.0000,0.0000,0.0000,0.0067,0.0001,500,563.8042
0.0071,0.0000,0.0000,0.0000,0.0069,0.0000,500,563.8042
0.0063,0.0000,0.0000,0.0000,0.0060,0.0001,500,564.0041
0.0112,0.0000,0.0000,0.0000,0.0099,0.0001,500,564.0041
0.0075,0.0000,0.0000,0.0000,0.0073,0.0001,500,564.2045
0.0075,0.0000,0.0000,0.0011,0.0062,0.0001,500,564.2045
0.0092,0.0000,0.0000,0.0001,0.0090,0.0001,500,564.4045
0.0092,0.0000,0.0000,0.0000,0.0078,0.0001,500,564.4045
0.0067,0.0000,0.0000,0.0001,0.0065,0.0001,500,564.6040
0.0068,0.0000,0.0000,0.0000,0.0062,0.0001,500,564.6039
0.0051,0.0000,0.0000,0.0000,0.0050,0.0001,500,564.8042
0.0055,0.0000,0.0000,0.0000,0.0053,0.0000,500,564.8041
0.0081,0.0000,0.0000,0.0000,0.0080,0.0001,500,565.0044
0.0081,0.0000,0.0000,0.0000,0.0075,0.0000,500,565.0045
0.0042,0.0000,0.0000,0.0000,0.0041,0.0001,500,565.2044
0.0042,0.0000,0.0000,0.0000,0.0041,0.0001,500,565.2044
0.0047,0.0000,0.0000,0.0000,0.0044,0.0001,500,565.4036
0.0058,0.0000,0.0000,0.0000,0.0056,0.0000,500,565.4036
0.0094,0.0000,0.0000,0.0001,0.0090,0.0001,500,565.6037
0.0095,0.0000,0.0000,0.0001,0.0090,0.0001,500,565.6037
0.0080,0.0000,0.0000,0.0000,0.0054,0.0025,500,565.8044
0.0080,0.0000,0.0000,0.0000,0.0076,0.0003,500,565.8044
0.0107,0.0000,0.0000,0.0000,0.0104,0.0001,500,566.0045
0.0111,0.0000,0.0000,0.0001,0.0109,0.0000,500,566.0045
0.0061,0.0000,0.0000,0.0000,0.0059,0.0001,500,566.2045
0.0066,0.0000,0.0000,0.0000,0.0063,0.0000,500,566.2045
0.0049,0.0000,0.0000,0.0000,0.0048,0.0001,500,566.4044
0.0051,0.0000,0.0000,0.0000,0.0050,0.0000,500,566.4044
0.0037,0.0000,0.0000,0.0000,0.0036,0.0001,500,566.6040
0.0037,0.0000,0.0000,0.0001,0.0035,0.0001,500,566.6040
0.0056,0.0000,0.0000,0.0000,0.0046,0.0009,500,566.8045
0.0060,0.0000,0.0000,0.0000,0.0055,0.0004,500,566.8045
0.0121,0.0000,0.0000,0.0000,0.0119,0.0001,500,567.0041
0.0122,0.0000,0.0000,0.0000,0.0119,0.0001,500,567.0040
0.0107,0.0000,0.0000,0.0000,0.0090,0.0004,500,567.2045
0.0108,0.0000,0.0000,0.0001,0.0106,0.0001,500,567.2045
0.0033,0.0000,0.0000,0.0000,0.0032,0.0001,500,567.4044
0.0034,0.0000,0.0000,0.0000,0.0033,0.0001,500,567.4044
0.0077,0.0000,0.0000,0.0000,0.0075,0.0001,500,567.6045
0.0087,0.0000,0.0000,0.0000,0.0075,0.0010,500,567.6045
0.0057,0.0000,0.0000,0.0000,0.0054,0.0001,500,567.8041
0.0057,0.0000,0.0000,0.0000,0.0056,0.0000,500,567.8042
0.0061,0.0000,0.0000,0.0000,0.0059,0.0001,500,568.0040
0.0061,0.0000,0.0000,0.0000,0.0060,0.0000,500,568.0040
0.0042,0.0000,0.0000,0.0002,0.0038,0.0001,500,568.2037
0.0041,0.0000,0.0000,0.0001,0.0040,0.0000,500,568.2037
0.0063,0.0000,0.0000,0.0000,0.0058,0.0003,500,568.4045
0.0062,0.0000,0.0000,0.0000,0.0061,0.0000,500,568.4046
0.0052,0.0000,0.0000,0.0000,0.0050,0.0001,500,568.6045
0.0053,0.0000,0.0000,0.0001,0.0051,0.0000,500,568.6045
0.0058,0.0000,0.0000,0.0000,0.0055,0.0001,500,568.8044
0.0060,0.0000,0.0000,0.0000,0.0058,0.0001,500,568.8045
0.0090,0.0000,0.0000,0.0000,0.0089,0.0000,500,569.0040
0.0091,0.0000,0.0000,0.0000,0.0082,0.0007,500,569.0040
0.0069,0.0000,0.0000,0.0000,0.0067,0.0001,500,569.2042
0.0070,0.0000,0.0000,0.0001,0.0067,0.0001,500,569.2041
0.0112,0.0000,0.0000,0.0000,0.0101,0.0009,500,569.4038
0.0113,0.0000,0.0000,0.0000,0.0111,0.0001,500,569.4039
0.0093,0.0000,0.0000,0.0000,0.0087,0.0004,500,569.6041
0.0092,0.0000,0.0000,0.0000,0.0079,0.0008,500,569.6042
0.0096,0.0000,0.0000,0.0000,0.0089,0.0005,500,569.8045
0.0100,0.0000,0.0000,0.0000,0.0098,0.0002,500,569.8044
0.0051,0.0000,0.0000,0.0000,0.0049,0.0001,500,570.0041
0.0051,0.0000,0.0000,0.0000,0.0047,0.0003,500,570.0041
0.0051,0.0000,0.0000,0.0000,0.0049,0.0001,500,570.2038
0.0050,0.0000,0.0000,0.0001,0.0049,0.0001,500,570.2039
0.0060,0.0000,0.0000,0.0011,0.0047,0.0001,500,570.4036
0.0066,0.0000,0.0000,0.0000,0.0063,0.0001,500,570.4036
0.0051,0.0000,0.0000,0.0001,0.0048,0.0001,500,570.6043
0.0051,0.0000,0.0000,0.0000,0.0049,0.0000,500,570.6043
0.0041,0.0000,0.0000,0.0001,0.0039,0.0001,500,570.8045
0.0041,0.0000,0.0000,0.0001,0.0038,0.0001,500,570.8045
0.0067,0.0000,0.0000,0.0000,0.0065,0.0001,500,571.0042
0.0067,0.0000,0.0000,0.0000,0.0065,0.0001,500,571.0041
0.0076,0.0000,0.0000,0.0000,0.0073,0.0000,500,571.2045
0.0076,0.0000,0.0000,0.0001,0.0071,0.0003,500,571.2045
0.0056,0.0000,0.0000,0.0001,0.0053,0.0001,500,571.4045
0.0062,0.0000,0.0000,0.0000,0.0055,0.0002,500,571.4044
0.0084,0.0000,0.0000,0.0000,0.0081,0.0001,500,571.6043
0.0084,0.0000,0.0000,0.0000,0.0081,0.0001,500,571.6043
0.0067,0.0000,0.0000,0.0000,0.0063,0.0002,500,571.8092
0.0072,0.0000,0.0000,0.0000,0.0070,0.0000,500,571.8093
0.0048,0.0000,0.0000,0.0000,0.0045,0.0001,500,572.0045
0.0067,0.0000,0.0000,0.0001,0.0064,0.0001,500,572.0045
0.0074,0.0000,0.0000,0.0000,0.0068,0.0004,500,572.2045
0.0074,0.0000,0.0000,0.0000,0.0068,0.0005,500,572.2045
0.0043,0.0000,0.0000,0.0000,0.0041,0.0001,500,572.4045
0.0056,0.0000,0.0000,0.0000,0.0055,0.0000,500,572.4045
0.0290,0.0000,0.0000,0.0000,0.0289,0.0001,500,572.6046
0.0802,0.0000,0.0000,0.0000,0.0287,0.0514,500,572.6049
0.0043,0.0000,0.0000,0.0000,0.0041,0.0001,500,572.8045
0.0048,0.0000,0.0000,0.0000,0.0047,0.0000,500,572.8045
0.0051,0.0000,0.0000,0.0000,0.0049,0.0001,500,573.0044
0.0057,0.0000,0.0000,0.0000,0.0051,0.0001,500,573.0044
0.0032,0.0000,0.0000,0.0000,0.0029,0.0001,500,573.2045
0.0032,0.0000,0.0000,0.0000,0.0031,0.0000,500,573.2045
0.0057,0.0000,0.0000,0.0000,0.0055,0.0001,500,573.4045
0.0057,0.0000,0.0000,0.0000,0.0055,0.0001,500,573.4044
0.0064,0.0000,0.0000,0.0000,0.0061,0.0001,500,573.6044
0.0064,0.0000,0.0000,0.0000,0.0062,0.0000,500,573.6045
0.0050,0.0000,0.0000,0.0001,0.0048,0.0001,500,573.8045
0.0050,0.0000,0.0000,0.0000,0.0049,0.0000,500,573.8045
0.0127,0.0000,0.0000,0.0000,0.0125,0.0001,500,574.0041
0.0128,0.0000,0.0000,0.0000,0.0126,0.0000,500,574.0040
0.0064,0.0000,0.0000,0.0000,0.0061,0.0001,500,574.2043
0.0063,0.0000,0.0000,0.0000,0.0061,0.0001,500,574.2043
0.0079,0.0000,0.0000,0.0000,0.0077,0.0001,500,574.4044
0.0079,0.0000,0.0000,0.0000,0.0077,0.0001,500,574.4045
0.0031,0.0000,0.0000,0.0000,0.0026,0.0005,500,574.6045
0.0032,0.0000,0.0000,0.0000,0.0031,0.0001,500,574.6045
0.0077,0.0000,0.0000,0.0000,0.0075,0.0001,500,574.8073
0.0077,0.0000,0.0000,0.0000,0.0076,0.0001,500,574.8078
0.0026,0.0000,0.0000,0.0000,0.0024,0.0001,500,575.0044
0.0030,0.0000,0.0000,0.0000,0.0025,0.0000,500,575.0044
0.0040,0.0000,0.0000,0.0000,0.0034,0.0005,500,575.2035
0.0044,0.0000,0.0000,0.0000,0.0035,0.0000,500,575.2035
0.0076,0.0000,0.0000,0.0000,0.0074,0.0001,500,575.4045
0.0077,0.0000,0.0000,0.0000,0.0074,0.0002,500,575.4044
0.0074,0.0000,0.0000,0.0000,0.0062,0.0010,500,575.6045
0.0075,0.0000,0.0000,0.0000,0.0072,0.0000,500,575.6045
0.0046,0.0000,0.0000,0.0001,0.0042,0.0001,500,575.8045
0.0045,0.0000,0.0000,0.0001,0.0042,0.0001,500,575.8045
0.0067,0.0000,0.0000,0.0001,0.0065,0.0001,500,576.0040
0.0065,0.0000,0.0000,0.0001,0.0063,0.0001,500,576.0042
0.0100,0.0000,0.0000,0.0000,0.0097,0.0001,500,576.2037
0.0101,0.0000,0.0000,0.0000,0.0097,0.0001,500,576.2037
0.0084,0.0000,0.0000,0.0000,0.0081,0.0001,500,576.4045
0.0084,0.0000,0.0000,0.0001,0.0081,0.0001,500,576.4045
0.0036,0.0000,0.0000,0.0000,0.0034,0.0000,500,576.6044
0.0042,0.0000,0.0000,0.0000,0.0039,0.0002,500,576.6045
0.0045,0.0000,0.0000,0.0000,0.0043,0.0001,500,576.8045
0.0045,0.0000,0.0000,0.0000,0.0043,0.0001,500,576.8044
0.0085,0.0000,0.0000,0.0000,0.0083,0.0001,500,577.0045
0.0134,0.0000,0.0000,0.0000,0.0132,0.0001,500,577.0045
0.0065,0.0000,0.0000,0.0000,0.0063,0.0001,500,577.2043
0.0065,0.0000,0.0000,0.0000,0.0063,0.0001,500,577.2043
0.0037,0.0000,0.0000,0.0000,0.0035,0.0001,500,577.4044
0.0041,0.0000,0.0000,0.0001,0.0039,0.0000,500,577.4044
0.0064,0.0000,0.0000,0.0001,0.0062,0.0001,500,577.6036
0.0063,0.0000,0.0000,0.0004,0.0058,0.0001,500,577.6036
0.0069,0.0000,0.0000,0.0001,0.0066,0.0001,500,577.8045
0.0069,0.0000,0.0000,0.0000,0.0068,0.0000,500,577.8045
0.0067,0.0000,0.0000,0.0000,0.0062,0.0001,500,578.0045
0.0126,0.0000,0.0000,0.0001,0.0123,0.0001,500,578.0045
0.0036,0.0000,0.0000,0.0000,0.0035,0.0001,500,578.2044
0.0039,0.0000,0.0000,0.0000,0.0038,0.0000,500,578.2044
0.0031,0.0000,0.0000,0.0000,0.0029,0.0001,500,578.4042
0.0031,0.0000,0.0000,0.0000,0.0030,0.0000,500,578.4042
0.0128,0.0000,0.0000,0.0001,0.0125,0.0001,500,578.6045
0.0129,0.0000,0.0000,0.0001,0.0125,0.0002,500,578.6045
0.0041,0.0000,0.0000,0.0001,0.0038,0.0001,500,578.8045
0.0045,0.0000,0.0000,0.0000,0.0035,0.0004,500,578.8044
0.0168,0.0000,0.0000,0.0000,0.0166,0.0001,500,579.0045
0.0169,0.0000,0.0000,0.0000,0.0167,0.0001,500,579.0045
0.0034,0.0000,0.0000,0.0000,0.0030,0.0003,500,579.2038
0.0034,0.0000,0.0000,0.0000,0.0032,0.0002,500,579.2038
0.0049,0.0000,0.0000,0.0000,0.0046,0.0001,500,579.4043
0.0050,0.0000,0.0000,0.0000,0.0048,0.0001,500,579.4043
0.0044,0.0000,0.0000,0.0000,0.0035,0.0008,500,579.6045
0.0044,0.0000,0.0000,0.0000,0.0042,0.0000,500,579.6044
0.0046,0.0000,0.0000,0.0001,0.0043,0.0001,500,579.8044
0.0055,0.0000,0.0000,0.0000,0.0041,0.0002,500,579.8045
0.0095,0.0000,0.0000,0.0000,0.0093,0.0001,500,580.0039
0.0094,0.0000,0.0000,0.0000,0.0089,0.0000,500,580.0042
0.0355,0.0000,0.0000,0.0000,0.0351,0.0001,500,580.2052
0.0310,0.0000,0.0000,0.0000,0.0309,0.0000,500,580.2096
0.0079,0.0000,0.0000,0.0000,0.0077,0.0001,500,580.4042
0.0079,0.0000,0.0000,0.0001,0.0075,0.0002,500,580.4042
0.0059,0.0000,0.0000,0.0000,0.0057,0.0001,500,580.6045
0.0061,0.0000,0.0000,0.0000,0.0059,0.0000,500,580.6044
0.0064,0.0000,0.0000,0.0000,0.0061,0.0001,500,580.8040
0.0065,0.0000,0.0000,0.0001,0.0062,0.0001,500,580.8040
0.0120,0.0000,0.0000,0.0000,0.0118,0.0001,500,581.0044
0.0120,0.0000,0.0000,0.0000,0.0118,0.0000,500,581.0044
0.0081,0.0000,0.0000,0.0000,0.0079,0.0001,500,581.2035
0.0081,0.0000,0.0000,0.0000,0.0079,0.0001,500,581.2036
0.0069,0.0000,0.0000,0.0000,0.0068,0.0001,500,581.4041
0.0071,0.0000,0.0000,0.0000,0.0069,0.0001,500,581.4039
0.0138,0.0000,0.0000,0.0000,0.0131,0.0006,500,581.6044
0.0139,0.0000,0.0000,0.0000,0.0137,0.0000,500,581.6044
0.0059,0.0000,0.0000,0.0000,0.0057,0.0001,500,581.8035
0.0059,0.0000,0.0000,0.0000,0.0058,0.0000,500,581.8035
0.0061,0.0000,0.0000,0.0000,0.0059,0.0001,500,582.0039
0.0064,0.0000,0.0000,0.0000,0.0064,0.0001,500,582.0040
0.0052,0.0000,0.0000,0.0000,0.0050,0.0001,500,582.2040
0.0060,0.0000,0.0000,0.0000,0.0059,0.0001,500,582.2040
0.0046,0.0000,0.0000,0.0000,0.0043,0.0001,500,582.4045
0.0052,0.0000,0.0000,0.0000,0.0048,0.0002,500,582.4045
0.0033,0.0000,0.0000,0.0000,0.0031,0.0000,500,582.6044
0.0032,0.0000,0.0000,0.0000,0.0030,0.0001,500,582.6045
0.0026,0.0000,0.0000,0.0000,0.0025,0.0001,500,582.8044
0.0026,0.0000,0.0000,0.0000,0.0025,0.0001,500,582.8045
0.0581,0.0000,0.0000,0.0001,0.0461,0.0118,500,583.0045
0.0595,0.0000,0.0000,0.0000,0.0462,0.0130,500,583.0044
0.0080,0.0000,0.0000,0.0000,0.0078,0.0001,500,583.2044
0.0080,0.0000,0.0000,0.0000,0.0078,0.0001,500,583.2044
0.0094,0.0000,0.0000,0.0000,0.0093,0.0001,500,583.4044
0.0098,0.0000,0.0000,0.0000,0.0089,0.0000,500,583.4044
0.0054,0.0000,0.0000,0.0001,0.0051,0.0002,500,583.6045
0.0079,0.0000,0.0000,0.0000,0.0076,0.0001,500,583.6045
0.0030,0.0000,0.0000,0.0000,0.0028,0.0001,500,583.8040
0.0030,0.0000,0.0000,0.0000,0.0029,0.0001,500,583.8040
0.0099,0.0000,0.0000,0.0000,0.0097,0.0001,500,584.0044
0.0099,0.0000,0.0000,0.0000,0.0097,0.0001,500,584.0045
0.0065,0.0000,0.0000,0.0000,0.0063,0.0001,500,584.2045
0.0066,0.0000,0.0000,0.0000,0.0063,0.0001,500,584.2044
0.0073,0.0000,0.0000,0.0001,0.0070,0.0001,500,584.4042
0.0073,0.0000,0.0000,0.0000,0.0070,0.0001,500,584.4043
0.0069,0.0000,0.0000,0.0001,0.0066,0.0001,500,584.6045
0.0069,0.0000,0.0000,0.0000,0.0066,0.0001,500,584.6045
0.0037,0.0000,0.0000,0.0000,0.0036,0.0000,500,584.8044
0.0040,0.0000,0.0000,0.0000,0.0040,0.0000,500,584.8044
0.0072,0.0000,0.0000,0.0000,0.0070,0.0001,500,585.0045
0.0074,0.0000,0.0000,0.0000,0.0063,0.0000,500,585.0044
0.0055,0.0000,0.0000,0.0000,0.0054,0.0001,500,585.2035
0.0055,0.0000,0.0000,0.0000,0.0054,0.0000,500,585.2035
0.0068,0.0000,0.0000,0.0001,0.0065,0.0001,500,585.4045
0.0068,0.0000,0.0000,0.0000,0.0066,0.0001,500,585.4045
0.0049,0.0000,0.0000,0.0000,0.0047,0.0001,500,585.6045
0.0050,0.0000,0.0000,0.0000,0.0048,0.0001,500,585.6044
0.0052,0.0000,0.0000,0.0000,0.0050,0.0001,500,585.8047
0.0051,0.0000,0.0000,0.0000,0.0050,0.0000,500,585.8049
0.0052,0.0000,0.0000,0.0000,0.0042,0.0009,500,586.0039
0.0054,0.0000,0.0000,0.0000,0.0052,0.0001,500,586.0039
0.0074,0.0000,0.0000,0.0001,0.0070,0.0001,500,586.2036
0.0077,0.0000,0.0000,0.0000,0.0064,0.0001,500,586.2036
0.0089,0.0000,0.0000,0.0000,0.0086,0.0001,500,586.4045
0.0090,0.0000,0.0000,0.0000,0.0088,0.0000,500,586.4045
0.0028,0.0000,0.0000,0.0000,0.0026,0.0001,500,586.6043
0.0028,0.0000,0.0000,0.0000,0.0027,0.0001,500,586.6044
0.0081,0.0000,0.0000,0.0000,0.0074,0.0006,500,586.8045
0.0096,0.0000,0.0000,0.0000,0.0092,0.0002,500,586.8045
0.0054,0.0000,0.0000,0.0000,0.0052,0.0001,500,587.0045
0.0057,0.0000,0.0000,0.0000,0.0055,0.0000,500,587.0045
0.0073,0.0000,0.0000,0.0000,0.0059,0.0002,500,587.2045
0.0074,0.0000,0.0000,0.0011,0.0062,0.0000,500,587.2045
0.0025,0.0000,0.0000,0.0000,0.0024,0.0001,500,587.4045
0.0028,0.0000,0.0000,0.0000,0.0026,0.0000,500,587.4045
0.0057,0.0000,0.0000,0.0000,0.0055,0.0001,500,587.6045
0.0062,0.0000,0.0000,0.0000,0.0061,0.0000,500,587.6045
0.0056,0.0000,0.0000,0.0001,0.0053,0.0001,500,587.8048
0.0063,0.0000,0.0000,0.0000,0.0059,0.0001,500,587.8048
0.0060,0.0000,0.0000,0.0001,0.0056,0.0002,500,588.0042
0.0114,0.0000,0.0000,0.0001,0.0112,0.0001,500,588.0043
0.0026,0.0000,0.0000,0.0000,0.0025,0.0001,500,588.2045
0.0027,0.0000,0.0000,0.0000,0.0026,0.0000,500,588.2044
0.0054,0.0000,0.0000,0.0002,0.0044,0.0002,500,588.4046
0.0053,0.0000,0.0000,0.0002,0.0046,0.0001,500,588.4047
0.0061,0.0000,0.0000,0.0000,0.0059,0.0001,500,588.6047
0.0092,0.0000,0.0000,0.0000,0.0066,0.0014,500,588.6046
0.0053,0.0000,0.0000,0.0000,0.0050,0.0002,500,588.8045
0.0055,0.0000,0.0000,0.0000,0.0050,0.0004,500,588.8045
0.0078,0.0000,0.0000,0.0000,0.0076,0.0001,500,589.0035
0.0078,0.0000,0.0000,0.0000,0.0073,0.0001,500,589.0036
0.0059,0.0000,0.0000,0.0000,0.0053,0.0001,500,589.2045
0.0060,0.0000,0.0000,0.0000,0.0058,0.0001,500,589.2044
0.0084,0.0000,0.0000,0.0000,0.0072,0.0001,500,589.4045
0.0088,0.0000,0.0000,0.0000,0.0082,0.0004,500,589.4045
0.0031,0.0000,0.0000,0.0000,0.0030,0.0001,500,589.6040
0.0031,0.0000,0.0000,0.0000,0.0029,0.0001,500,589.6040
0.0056,0.0000,0.0000,0.0000,0.0055,0.0001,500,589.8044
0.0068,0.0000,0.0000,0.0000,0.0066,0.0001,500,589.8043
0.0048,0.0000,0.0000,0.0000,0.0046,0.0001,500,590.0045
0.0048,0.0000,0.0000,0.0000,0.0046,0.0001,500,590.0044
0.0045,0.0000,0.0000,0.0000,0.0041,0.0002,500,590.2039
0.0049,0.0000,0.0000,0.0001,0.0047,0.0001,500,590.2040
0.0083,0.0000,0.0000,0.0001,0.0080,0.0001,500,590.4045
0.0083,0.0000,0.0000,0.0000,0.0080,0.0001,500,590.4045
0.0067,0.0000,0.0000,0.0000,0.0052,0.0001,500,590.6044
0.0072,0.0000,0.0000,0.0001,0.0069,0.0001,500,590.6045
0.0069,0.0000,0.0000,0.0000,0.0068,0.0001,500,590.8058
0.0076,0.0000,0.0000,0.0000,0.0075,0.0001,500,590.8056
0.0098,0.0000,0.0000,0.0001,0.0095,0.0001,500,591.0036
0.0099,0.0000,0.0000,0.0000,0.0095,0.0001,500,591.0035
0.0051,0.0000,0.0000,0.0000,0.0049,0.0001,500,591.2039
0.0051,0.0000,0.0000,0.0001,0.0049,0.0001,500,591.2038
0.0065,0.0000,0.0000,0.0000,0.0062,0.0000,500,591.4040
0.0065,0.0000,0.0000,0.0001,0.0053,0.0010,500,591.4040
0.0060,0.0000,0.0000,0.0000,0.0056,0.0003,500,591.6044
0.0060,0.0000,0.0000,0.0000,0.0058,0.0001,500,591.6045
0.0032,0.0000,0.0000,0.0001,0.0029,0.0001,500,591.8045
0.0033,0.0000,0.0000,0.0001,0.0030,0.0001,500,591.8045
0.0075,0.0000,0.0000,0.0000,0.0072,0.0001,500,592.0041
0.0081,0.0000,0.0000,0.0000,0.0078,0.0001,500,592.0041
0.0268,0.0000,0.0000,0.0000,0.0267,0.0001,500,592.2062
0.0280,0.0000,0.0000,0.0000,0.0279,0.0000,500,592.2057
0.0091,0.0000,0.0000,0.0000,0.0089,0.0001,500,592.4044
0.0091,0.0000,0.0000,0.0000,0.0089,0.0001,500,592.4045
0.0067,0.0000,0.0000,0.0000,0.0065,0.0001,500,592.6045
0.0067,0.0000,0.0000,0.0000,0.0065,0.0001,500,592.6045
0.0076,0.0000,0.0000,0.0000,0.0073,0.0001,500,592.8042
0.0078,0.0000,0.0000,0.0000,0.0076,0.0000,500,592.8042
0.0022,0.0000,0.0000,0.0000,0.0021,0.0000,500,593.0045
0.0024,0.0000,0.0000,0.0002,0.0021,0.0000,500,593.0045
0.0173,0.0000,0.0000,0.0000,0.0164,0.0007,500,593.2045
0.0175,0.0000,0.0000,0.0012,0.0153,0.0009,500,593.2045
0.0054,0.0000,0.0000,0.0000,0.0051,0.0001,500,593.4040
0.0060,0.0000,0.0000,0.0000,0.0058,0.0001,500,593.4040
0.0065,0.0000,0.0000,0.0000,0.0062,0.0001,500,593.6041
0.0064,0.0000,0.0000,0.0000,0.0062,0.0001,500,593.6041
0.0048,0.0000,0.0000,0.0000,0.0047,0.0001,500,593.8041
0.0051,0.0000,0.0000,0.0000,0.0049,0.0000,500,593.8039
0.0156,0.0000,0.0000,0.0001,0.0154,0.0001,500,594.0041
0.0157,0.0000,0.0000,0.0000,0.0154,0.0001,500,594.0041
0.0079,0.0000,0.0000,0.0001,0.0072,0.0005,500,594.2045
0.0080,0.0000,0.0000,0.0000,0.0077,0.0000,500,594.2045
0.0080,0.0000,0.0000,0.0001,0.0077,0.0001,500,594.4040
0.0080,0.0000,0.0000,0.0001,0.0077,0.0001,500,594.4040
0.0066,0.0000,0.0000,0.0000,0.0064,0.0001,500,594.6045
0.0074,0.0000,0.0000,0.0000,0.0072,0.0001,500,594.6045
0.0061,0.0000,0.0000,0.0000,0.0059,0.0001,500,594.8045
0.0067,0.0000,0.0000,0.0000,0.0064,0.0000,500,594.8044
0.0109,0.0000,0.0000,0.0000,0.0107,0.0001,500,595.0042
0.0109,0.0000,0.0000,0.0000,0.0103,0.0000,500,595.0043
0.0045,0.0000,0.0000,0.0000,0.0043,0.0001,500,595.2045
0.0050,0.0000,0.0000,0.0000,0.0044,0.0005,500,595.2044
0.0046,0.0000,0.0000,0.0000,0.0044,0.0001,500,595.4038
0.0047,0.0000,0.0000,0.0001,0.0045,0.0000,500,595.4038
0.0054,0.0000,0.0000,0.0000,0.0051,0.0001,500,595.6035
0.0054,0.0000,0.0000,0.0000,0.0052,0.0001,500,595.6035
0.0188,0.0000,0.0000,0.0002,0.0133,0.0052,500,595.8044
0.0185,0.0000,0.0000,0.0000,0.0183,0.0001,500,595.8048
0.0041,0.0000,0.0000,0.0000,0.0039,0.0001,500,596.0042
0.0042,0.0000,0.0000,0.0000,0.0041,0.0000,500,596.0043
0.0120,0.0000,0.0000,0.0000,0.0118,0.0001,500,596.2039
0.0120,0.0000,0.0000,0.0000,0.0118,0.0000,500,596.2039
0.0029,0.0000,0.0000,0.0000,0.0024,0.0001,500,596.4044
0.0029,0.0000,0.0000,0.0000,0.0028,0.0001,500,596.4044
0.0037,0.0000,0.0000,0.0000,0.0034,0.0001,500,596.6045
0.0047,0.0000,0.0000,0.0000,0.0046,0.0000,500,596.6045
0.0123,0.0000,0.0000,0.0000,0.0122,0.0001,500,596.8048
0.0145,0.0000,0.0000,0.0001,0.0143,0.0001,500,596.8046
0.0051,0.0000,0.0000,0.0000,0.0047,0.0003,500,597.0044
0.0053,0.0000,0.0000,0.0000,0.0051,0.0000,500,597.0045
0.0081,0.0000,0.0000,0.0001,0.0077,0.0001,500,597.2042
0.0082,0.0000,0.0000,0.0001,0.0078,0.0002,500,597.2042
0.0024,0.0000,0.0000,0.0000,0.0022,0.0001,500,597.4042
0.0025,0.0000,0.0000,0.0000,0.0024,0.0000,500,597.4043
0.0058,0.0000,0.0000,0.0001,0.0055,0.0002,500,597.6042
0.0059,0.0000,0.0000,0.0000,0.0051,0.0006,500,597.6042
0.0049,0.0000,0.0000,0.0000,0.0048,0.0001,500,597.8044
0.0050,0.0000,0.0000,0.0000,0.0048,0.0001,500,597.8044
0.0057,0.0000,0.0000,0.0001,0.0055,0.0001,500,598.0034
0.0061,0.0000,0.0000,0.0000,0.0055,0.0005,500,598.0035
0.0031,0.0000,0.0000,0.0000,0.0029,0.0001,500,598.2045
0.0032,0.0000,0.0000,0.0001,0.0031,0.0000,500,598.2045
0.0042,0.0000,0.0000,0.0000,0.0040,0.0001,500,598.4044
0.0042,0.0000,0.0000,0.0000,0.0040,0.0001,500,598.4045
0.0145,0.0000,0.0000,0.0001,0.0140,0.0004,500,598.6044
0.0146,0.0000,0.0000,0.0000,0.0133,0.0006,500,598.6043
0.0038,0.0000,0.0000,0.0000,0.0037,0.0000,500,598.8042
0.0039,0.0000,0.0000,0.0000,0.0038,0.0000,500,598.8041
0.0043,0.0000,0.0000,0.0000,0.0041,0.0001,500,599.0045
0.0047,0.0000,0.0000,0.0000,0.0045,0.0001,500,599.0045
0.0040,0.0000,0.0000,0.0000,0.0035,0.0005,500,599.2045
0.0041,0.0000,0.0000,0.0000,0.0039,0.0000,500,599.2045
0.0044,0.0000,0.0000,0.0001,0.0041,0.0001,500,599.4042
0.0048,0.0000,0.0000,0.0000,0.0046,0.0000,500,599.4041
0.0035,0.0000,0.0000,0.0000,0.0033,0.0001,500,599.6044
0.0041,0.0000,0.0000,0.0000,0.0038,0.0002,500,599.6044
0.0096,0.0000,0.0000,0.0001,0.0093,0.0002,500,599.8049
0.0098,0.0000,0.0000,0.0001,0.0093,0.0004,500,599.8049
0.0059,0.0000,0.0000,0.0000,0.0057,0.0001,500,600.0035
0.0063,0.0000,0.0000,0.0001,0.0062,0.0000,500,600.0035
